"Includes Amazon Marketplace, Fulfillment by Amazon (FBA), and Amazon Webstore transactions"
"All amounts in USD, unless specified"
"Definitions:"
"Sales tax collected: Includes sales tax collected from buyers for product sales, shipping, and gift wrap."
"Selling fees: Includes variable closing fees and referral fees."
"Other transaction fees: Includes shipping chargebacks, shipping holdbacks, per-item fees  and sales tax collection fees."
"Other: Includes non-order transaction amounts. For more details, see the ""Type"" and ""Description"" columns for each order ID."
"date/time","settlement id","type","order id","sku","description","quantity","marketplace","fulfillment","order city","order state","order postal","tax collection model","product sales","product sales tax","shipping credits","shipping credits tax","gift wrap credits","giftwrap credits tax","Regulatory Fee","Tax On Regulatory Fee","promotional rebates","promotional rebates tax","marketplace withheld tax","selling fees","fba fees","other transaction fees","other","total"
"Mar 1, 2025 12:06:13 AM PST","23107592011","Order","112-2246888-2967449","7Z-MGKR-201D","Epoxy Resin 2 Gallon Kit,Crystal Clear Epoxy Resin,Not Yellowing,Bubble Free,Food Safe Resin & Fast Curing Resin for Coating, Casting, Table Top, Rive","1","amazon.com","Amazon","BATON ROUGE","LA","70817","MarketplaceFacilitator","85.31","8.96","0","0","0","0","0","0","0","0","-8.96","-12.80","-12.20","0","0","60.31"
"Mar 1, 2025 1:02:35 AM PST","23107592011","Order","114-7886850-7475432","7Z-MGKR-201D","Epoxy Resin 2 Gallon Kit,Crystal Clear Epoxy Resin,Not Yellowing,Bubble Free,Food Safe Resin & Fast Curing Resin for Coating, Casting, Table Top, Rive","1","amazon.com","Amazon","ALTON BAY","NH","03810","","85.31","0","0","0","0","0","0","0","0","0","0","-12.80","-12.20","0","0","60.31"
"Mar 1, 2025 4:27:42 AM PST","23107592011","Order","111-6403985-1039442","7Z-MGKR-201D","Epoxy Resin 2 Gallon Kit,Crystal Clear Epoxy Resin,Not Yellowing,Bubble Free,Food Safe Resin & Fast Curing Resin for Coating, Casting, Table Top, Rive","1","amazon.com","Amazon","MONTGOMERY","TX","77316","MarketplaceFacilitator","85.31","6.83","1.49","0","0","0","0","0","-3.99","0","-6.83","-12.42","-12.20","0","0","58.19"
"Mar 1, 2025 4:34:07 AM PST","23107592011","Order","111-6403985-1039442","7Z-MGKR-201D","Epoxy Resin 2 Gallon Kit,Crystal Clear Epoxy Resin,Not Yellowing,Bubble Free,Food Safe Resin & Fast Curing Resin for Coating, Casting, Table Top, Rive","1","amazon.com","Amazon","MONTGOMERY","TX","77316","MarketplaceFacilitator","85.31","6.83","1.50","0","0","0","0","0","-4.00","0","-6.83","-12.42","-12.20","0","0","58.19"
"Mar 1, 2025 4:48:39 AM PST","23107592011","Order","S01-3768392-9846865","ZS-DGQY-G4LL","YOBTOP 1.5 Gallon Deep Pour Epoxy Resin Kit, Crystal Clear, High-Gloss, Low Odor, 2:1 Casting Resin for DIY Molds, Wood River Table, Bar Top","1","sim1.stores.amazon.com","Amazon","MESA","AZ","85202","","0","0","0","0","0","0","0","0","0","0","0","0","-20.18","0","0","-20.18"
"Mar 1, 2025 7:17:18 AM PST","23107592011","Order","112-0361018-4021065","7Z-MGKR-201D","Epoxy Resin 2 Gallon Kit,Crystal Clear Epoxy Resin,Not Yellowing,Bubble Free,Food Safe Resin & Fast Curing Resin for Coating, Casting, Table Top, Rive","1","amazon.com","Amazon","SIXES","OR","97476","","85.31","0","0","0","0","0","0","0","0","0","0","-12.80","-12.20","0","0","60.31"
"Mar 1, 2025 10:41:38 AM PST","23107592011","Order","S01-7466859-9979649","51-MQ61-6SU7","YOBTOP Epoxy Resin 80oz Epoxy Resin Kit Crystal Clear High Gloss Self Leveling Bubble Free Not Yellowing Easy to Mix 1:1 for Coating & Casting, DIY Crafts, Jewelry Making, Table Top, River Table","1","sim1.stores.amazon.com","Amazon","GRAFTON","OH","44044","","0","0","0","0","0","0","0","0","0","0","0","0","-14.06","0","0","-14.06"
"Mar 1, 2025 1:22:53 PM PST","23107592011","Order","114-7886850-7475432","7Z-MGKR-201D","Epoxy Resin 2 Gallon Kit,Crystal Clear Epoxy Resin,Not Yellowing,Bubble Free,Food Safe Resin & Fast Curing Resin for Coating, Casting, Table Top, Rive","1","amazon.com","Amazon","ALTON BAY","NH","03810","","85.31","0","0","0","0","0","0","0","0","0","0","-12.80","-12.20","0","0","60.31"
"Mar 1, 2025 3:13:00 PM PST","23107592011","Order","S01-4845500-1061231","ZS-DGQY-G4LL","YOBTOP 1.5 Gallon Deep Pour Epoxy Resin Kit, Crystal Clear, High-Gloss, Low Odor, 2:1 Casting Resin for DIY Molds, Wood River Table, Bar Top","1","sim1.stores.amazon.com","Amazon","APOPKA","FL","32712","","0","0","0","0","0","0","0","0","0","0","0","0","-20.18","0","0","-20.18"
"Mar 2, 2025 5:08:43 AM PST","23107592011","Order","S01-2951399-2876435","ZS-DGQY-G4LL","YOBTOP 1.5 Gallon Deep Pour Epoxy Resin Kit, Crystal Clear, High-Gloss, Low Odor, 2:1 Casting Resin for DIY Molds, Wood River Table, Bar Top","1","sim1.stores.amazon.com","Amazon","HILLIARD","OH","43026","","0","0","0","0","0","0","0","0","0","0","0","0","-20.18","0","0","-20.18"
"Mar 2, 2025 6:47:40 AM PST","23107592011","Service Fee","","","Cost of Advertising","","","","","","","","0","0","0","0","0","0","0","0","0","0","0","0","0","-276.36","0","-276.36"
"Mar 2, 2025 11:25:55 AM PST","23107592011","Service Fee","0b922abc-00a0-4d5b-a6f3-01dbaae66ba5","","Coupon Redemption Fee: Save $5 on 2 Gallon Epoxy Resin Kit","1","Amazon.com","","","","","","0","0","0","0","0","0","0","0","0","0","0","0","0","-0.60","0","-0.60"
"Mar 2, 2025 11:36:16 PM PST","23107592011","Order","S01-3722886-8068442","E0-GH8D-U35C","YOBTOP Epoxy Resin 1 Gallon Epoxy Resin Kit Crystal Clear High Gloss Self Leveling Bubble Free Not Yellowing Easy to Mix 1:1 for Coating & Casting, DIY Crafts, Jewelry Making, Table Top, River Table","1","sim1.stores.amazon.com","Amazon","BASSETT","VA","24055","","0","0","0","0","0","0","0","0","0","0","0","0","-16.78","0","0","-16.78"
"Mar 3, 2025 1:12:49 AM PST","23107592011","Order","S01-8462405-0454827","ZS-DGQY-G4LL","YOBTOP 1.5 Gallon Deep Pour Epoxy Resin Kit, Crystal Clear, High-Gloss, Low Odor, 2:1 Casting Resin for DIY Molds, Wood River Table, Bar Top","1","sim1.stores.amazon.com","Amazon","DAVIE","FL","33314","","0","0","0","0","0","0","0","0","0","0","0","0","-20.18","0","0","-20.18"
"Mar 3, 2025 1:23:19 AM PST","23107592011","Order","111-1698354-3514632","OX-S8RX-8DDW","Epoxy Resin Kit 1 Gallon,Crystal Clear Casting Table Top Epoxy Resin,Bubble Free & Fast Curing Resin for Countertop, Wood,Jewelry,DIY, Tumblers,Art,Re","1","amazon.com","Amazon","MONTGOMERY","TX","77316","MarketplaceFacilitator","49.99","4.12","0","0","0","0","0","0","0","0","-4.12","-7.50","-9.16","0","0","33.33"
"Mar 3, 2025 2:01:17 AM PST","23107592011","Order","111-5681555-5564256","X8-VCXU-74WN","YOBTOP 1000g UV Resin, Upgraded UV Resin Kit with Fast Curing Crystal Clear High Gloss Odourless Low Viscosity Hard Type UV Epoxy Resin for DIY Jewelr","1","amazon.com","Amazon","SPOTSYLVANIA","VA","22553","MarketplaceFacilitator","30.59","1.62","0","0","0","0","0","0","0","0","-1.62","-4.59","-6.21","0","0","19.79"
"Mar 3, 2025 2:38:08 AM PST","23107592011","Order","112-9359329-2847442","7Z-MGKR-201D","Epoxy Resin 2 Gallon Kit,Crystal Clear Epoxy Resin,Not Yellowing,Bubble Free,Food Safe Resin & Fast Curing Resin for Coating, Casting, Table Top, Rive","1","amazon.com","Amazon","KING GEORGE","VA","22485","MarketplaceFacilitator","85.31","4.26","0","0","0","0","0","0","-5.00","0","-4.26","-12.05","-12.20","0","0","56.06"
"Mar 3, 2025 6:50:06 AM PST","23107592011","Order","113-1114212-8608265","OX-S8RX-8DDW","Epoxy Resin Kit 1 Gallon,Crystal Clear Casting Table Top Epoxy Resin,Bubble Free & Fast Curing Resin for Countertop, Wood,Jewelry,DIY, Tumblers,Art,Re","1","amazon.com","Amazon","EDGERTON","WI","53534","MarketplaceFacilitator","49.99","2.47","0","0","0","0","0","0","-5.00","0","-2.47","-6.75","-9.16","0","0","29.08"
"Mar 3, 2025 11:13:22 AM PST","23107592011","Transfer","","","To your account ending in: 676, Bank Transfer ID: 1WF1JB3F46NNR71","","","","","","","","0","0","0","0","0","0","0","0","0","0","0","0","0","0","-35.95","-35.95"
"Mar 3, 2025 3:08:15 PM PST","23107592011","Order","S01-5938271-1934005","E0-GH8D-U35C","YOBTOP Epoxy Resin 1 Gallon Epoxy Resin Kit Crystal Clear High Gloss Self Leveling Bubble Free Not Yellowing Easy to Mix 1:1 for Coating & Casting, DIY Crafts, Jewelry Making, Table Top, River Table","1","sim1.stores.amazon.com","Amazon","INDIANAPOLIS","IN","46214","","0","0","0","0","0","0","0","0","0","0","0","0","-16.78","0","0","-16.78"
"Mar 3, 2025 5:45:42 PM PST","23107592011","Order","S01-2793055-2532426","ZS-DGQY-G4LL","YOBTOP 1.5 Gallon Deep Pour Epoxy Resin Kit, Crystal Clear, High-Gloss, Low Odor, 2:1 Casting Resin for DIY Molds, Wood River Table, Bar Top","1","sim1.stores.amazon.com","Amazon","SAN ANGELO","TX","76904","","0","0","0","0","0","0","0","0","0","0","0","0","-20.18","0","0","-20.18"
"Mar 3, 2025 7:31:29 PM PST","23107592011","Order","S01-7825202-4327656","ZS-DGQY-G4LL","YOBTOP 1.5 Gallon Deep Pour Epoxy Resin Kit, Crystal Clear, High-Gloss, Low Odor, 2:1 Casting Resin for DIY Molds, Wood River Table, Bar Top","1","sim1.stores.amazon.com","Amazon","LITCHFIELD","MI","49252","","0","0","0","0","0","0","0","0","0","0","0","0","-20.18","0","0","-20.18"
"Mar 3, 2025 7:41:04 PM PST","23107592011","Order","S01-1403354-8370069","ZS-DGQY-G4LL","YOBTOP 1.5 Gallon Deep Pour Epoxy Resin Kit, Crystal Clear, High-Gloss, Low Odor, 2:1 Casting Resin for DIY Molds, Wood River Table, Bar Top","1","sim1.stores.amazon.com","Amazon","CEDAR LAKE","IN","46303","","0","0","0","0","0","0","0","0","0","0","0","0","-20.18","0","0","-20.18"
"Mar 3, 2025 10:51:00 PM PST","23107592011","Order","S01-9185821-2607630","ZS-DGQY-G4LL","YOBTOP 1.5 Gallon Deep Pour Epoxy Resin Kit, Crystal Clear, High-Gloss, Low Odor, 2:1 Casting Resin for DIY Molds, Wood River Table, Bar Top","1","sim1.stores.amazon.com","Amazon","VANDERBILT","PA","15486","","0","0","0","0","0","0","0","0","0","0","0","0","-20.18","0","0","-20.18"
"Mar 4, 2025 7:08:26 AM PST","23107592011","Order","114-5268984-1865042","7Z-MGKR-201D","Epoxy Resin 2 Gallon Kit,Crystal Clear Epoxy Resin,Not Yellowing,Bubble Free,Food Safe Resin & Fast Curing Resin for Coating, Casting, Table Top, Rive","1","amazon.com","Amazon","AVALON","CA","90704","MarketplaceFacilitator","85.31","8.53","0","0","0","0","0","0","0","0","-8.53","-12.80","-12.20","0","0","60.31"
"Mar 4, 2025 1:28:56 PM PST","23107592011","Order","S01-2971638-7223665","ZS-DGQY-G4LL","YOBTOP 1.5 Gallon Deep Pour Epoxy Resin Kit, Crystal Clear, High-Gloss, Low Odor, 2:1 Casting Resin for DIY Molds, Wood River Table, Bar Top","1","sim1.stores.amazon.com","Amazon","CARROLLTON","GA","30117","","0","0","0","0","0","0","0","0","0","0","0","0","-20.18","0","0","-20.18"
"Mar 4, 2025 3:46:52 PM PST","23107592011","Order","113-9672311-5177046","DC-TOS1-YWP7","YOBTOP Epoxy Resin 16oz Epoxy Resin Kit Crystal Clear High Gloss Self Leveling Bubble Free Not Yellowing Easy to Mix 1:1 for Coating & Casting, DIY Cr","1","amazon.com","Amazon","HENDERSONVILLE","TN","37075","MarketplaceFacilitator","10.99","1.07","0","0","0","0","0","0","0","0","-1.07","-1.65","-5.37","0","0","3.97"
"Mar 4, 2025 5:39:40 PM PST","23107592011","Order","S01-1990626-3898854","E0-GH8D-U35C","YOBTOP Epoxy Resin 1 Gallon Epoxy Resin Kit Crystal Clear High Gloss Self Leveling Bubble Free Not Yellowing Easy to Mix 1:1 for Coating & Casting, DIY Crafts, Jewelry Making, Table Top, River Table","1","sim1.stores.amazon.com","Amazon","SIERRA VISTA","AZ","85650","","0","0","0","0","0","0","0","0","0","0","0","0","-16.78","0","0","-16.78"
"Mar 4, 2025 10:59:50 PM PST","23139728561","Order","113-9273635-8221814","7Z-MGKR-201D","Epoxy Resin 2 Gallon Kit,Crystal Clear Epoxy Resin,Not Yellowing,Bubble Free,Food Safe Resin & Fast Curing Resin for Coating, Casting, Table Top, Rive","1","amazon.com","Amazon","San Angelo","TX","76901","MarketplaceFacilitator","85.31","6.63","1.72","0","0","0","0","0","-6.72","0","-6.63","-12.05","-12.20","0","0","56.06"
"Mar 4, 2025 11:08:28 PM PST","23139728561","Order","114-1055318-0173053","OX-S8RX-8DDW","Epoxy Resin Kit 1 Gallon,Crystal Clear Casting Table Top Epoxy Resin,Bubble Free & Fast Curing Resin for Countertop, Wood,Jewelry,DIY, Tumblers,Art,Re","1","amazon.com","Amazon","BENNINGTON","NE","68007","MarketplaceFacilitator","49.99","2.75","0","0","0","0","0","0","0","0","-2.75","-7.50","-9.16","0","0","33.33"
"Mar 4, 2025 11:32:35 PM PST","23139728561","Order","S01-0093294-6151661","51-MQ61-6SU7","YOBTOP Epoxy Resin 80oz Epoxy Resin Kit Crystal Clear High Gloss Self Leveling Bubble Free Not Yellowing Easy to Mix 1:1 for Coating & Casting, DIY Crafts, Jewelry Making, Table Top, River Table","1","sim1.stores.amazon.com","Amazon","TIVERTON","RI","02878","","0","0","0","0","0","0","0","0","0","0","0","0","-14.06","0","0","-14.06"
"Mar 5, 2025 2:58:23 AM PST","23139728561","Order","111-7833785-7651430","7Z-MGKR-201D","Epoxy Resin 2 Gallon Kit,Crystal Clear Epoxy Resin,Not Yellowing,Bubble Free,Food Safe Resin & Fast Curing Resin for Coating, Casting, Table Top, Rive","1","amazon.com","Amazon","SALEM","VA","24153","MarketplaceFacilitator","85.31","4.26","0","0","0","0","0","0","-5.00","0","-4.26","-12.05","-12.20","0","0","56.06"
"Mar 5, 2025 3:20:07 AM PST","23139728561","Order","S01-1294983-2048419","ZS-DGQY-G4LL","YOBTOP 1.5 Gallon Deep Pour Epoxy Resin Kit, Crystal Clear, High-Gloss, Low Odor, 2:1 Casting Resin for DIY Molds, Wood River Table, Bar Top","1","sim1.stores.amazon.com","Amazon","BILLINGS","MT","59102","","0","0","0","0","0","0","0","0","0","0","0","0","-14.98","0","0","-14.98"
"Mar 5, 2025 5:07:19 AM PST","23139728561","Order","111-3806384-5169045","7Z-MGKR-201D","Epoxy Resin 2 Gallon Kit,Crystal Clear Epoxy Resin,Not Yellowing,Bubble Free,Food Safe Resin & Fast Curing Resin for Coating, Casting, Table Top, Rive","1","amazon.com","Amazon","DUBUQUE","IA","52003","MarketplaceFacilitator","85.31","5.62","6.99","0","0","0","0","0","-11.99","0","-5.62","-12.05","-12.20","0","0","56.06"
"Mar 5, 2025 5:14:15 AM PST","23139728561","Order","114-1511157-5340219","7Z-MGKR-201D","Epoxy Resin 2 Gallon Kit,Crystal Clear Epoxy Resin,Not Yellowing,Bubble Free,Food Safe Resin & Fast Curing Resin for Coating, Casting, Table Top, Rive","1","amazon.com","Amazon","FORT PIERCE","FL","34946","MarketplaceFacilitator","85.31","5.97","2.99","0","0","0","0","0","-2.99","0","-5.97","-12.80","-12.20","0","0","60.31"
"Mar 5, 2025 5:17:27 AM PST","23139728561","Order","112-5275731-4865061","X8-VCXU-74WN","YOBTOP 1000g UV Resin, Upgraded UV Resin Kit with Fast Curing Crystal Clear High Gloss Odourless Low Viscosity Hard Type UV Epoxy Resin for DIY Jewelr","1","amazon.com","Amazon","HALF MOON BAY","CA","94019","MarketplaceFacilitator","27.19","2.55","2.99","0","0","0","0","0","-2.99","0","-2.55","-4.08","-6.21","0","0","16.90"
"Mar 5, 2025 7:06:25 PM PST","23139728561","Adjustment","","X8-VCXU-74WN","FBA Inventory Reimbursement - General Adjustment","1","","","","","","","0","0","0","0","0","0","0","0","0","0","0","0","0","0","-18.09","-18.09"
"Mar 5, 2025 8:48:14 PM PST","23139728561","Order","S01-7616057-0524468","ZS-DGQY-G4LL","YOBTOP 1.5 Gallon Deep Pour Epoxy Resin Kit, Crystal Clear, High-Gloss, Low Odor, 2:1 Casting Resin for DIY Molds, Wood River Table, Bar Top","1","sim1.stores.amazon.com","Amazon","AVON","IN","46123","","0","0","0","0","0","0","0","0","0","0","0","0","-20.18","0","0","-20.18"
"Mar 6, 2025 12:06:07 AM PST","23139728561","Order","111-3432831-9878614","X8-VCXU-74WN","YOBTOP 1000g UV Resin, Upgraded UV Resin Kit with Fast Curing Crystal Clear High Gloss Odourless Low Viscosity Hard Type UV Epoxy Resin for DIY Jewelr","1","amazon.com","Amazon","ATLANTA","GA","30345","MarketplaceFacilitator","27.19","2.18","0","0","0","0","0","0","0","0","-2.18","-4.08","-6.21","0","0","16.90"
"Mar 6, 2025 4:37:16 AM PST","23139728561","Order","111-3551745-1593032","X8-VCXU-74WN","YOBTOP 1000g UV Resin, Upgraded UV Resin Kit with Fast Curing Crystal Clear High Gloss Odourless Low Viscosity Hard Type UV Epoxy Resin for DIY Jewelr","1","amazon.com","Amazon","AMERICAN FORK","UT","84003","MarketplaceFacilitator","27.19","2.03","0","0","0","0","0","0","0","0","-2.03","-4.08","-6.21","0","0","16.90"
"Mar 6, 2025 5:02:33 AM PST","23139728561","Transfer","","","To your account ending in: 676, Bank Transfer ID: 3HWYS86AMIB03G4","","","","","","","","0","0","0","0","0","0","0","0","0","0","0","0","0","0","-21.05","-21.05"
"Mar 6, 2025 6:04:02 AM PST","23139728561","Order","113-1722930-1321844","OX-S8RX-8DDW","Epoxy Resin Kit 1 Gallon,Crystal Clear Casting Table Top Epoxy Resin,Bubble Free & Fast Curing Resin for Countertop, Wood,Jewelry,DIY, Tumblers,Art,Re","1","amazon.com","Amazon","LA GRANDE","OR","97850","","49.99","0","0","0","0","0","0","0","0","0","0","-7.50","-9.16","0","0","33.33"
"Mar 6, 2025 6:35:57 AM PST","23139728561","Order","114-1502051-9220200","7Z-MGKR-201D","Epoxy Resin 2 Gallon Kit,Crystal Clear Epoxy Resin,Not Yellowing,Bubble Free,Food Safe Resin & Fast Curing Resin for Coating, Casting, Table Top, Rive","1","amazon.com","Amazon","HUNTINGTON BEACH","CA","92649","MarketplaceFacilitator","85.31","6.61","0","0","0","0","0","0","0","0","-6.61","-12.80","-12.20","0","0","60.31"
"Mar 6, 2025 7:09:39 AM PST","23139728561","Order","S01-0210659-3002021","ZS-DGQY-G4LL","YOBTOP 1.5 Gallon Deep Pour Epoxy Resin Kit, Crystal Clear, High-Gloss, Low Odor, 2:1 Casting Resin for DIY Molds, Wood River Table, Bar Top","2","sim1.stores.amazon.com","Amazon","KENT","OH","44240","","0","0","0","0","0","0","0","0","0","0","0","0","-32.08","0","0","-32.08"
"Mar 6, 2025 8:20:24 AM PST","23139728561","Order","111-8479338-0431455","X8-VCXU-74WN","YOBTOP 1000g UV Resin, Upgraded UV Resin Kit with Fast Curing Crystal Clear High Gloss Odourless Low Viscosity Hard Type UV Epoxy Resin for DIY Jewelr","1","amazon.com","Amazon","HONOLULU","HI","96817","MarketplaceFacilitator","30.59","1.44","5.25","0","0","0","0","0","-5.25","0","-1.44","-4.59","-6.21","0","0","19.79"
"Mar 6, 2025 11:00:58 PM PST","23171353421","Order","113-4099509-8152211","OX-S8RX-8DDW","Epoxy Resin Kit 1 Gallon,Crystal Clear Casting Table Top Epoxy Resin,Bubble Free & Fast Curing Resin for Countertop, Wood,Jewelry,DIY, Tumblers,Art,Re","1","amazon.com","Amazon","GULF BREEZE","FL","32563","MarketplaceFacilitator","49.99","3.50","0","0","0","0","0","0","0","0","-3.50","-7.50","-9.16","0","0","33.33"
"Mar 7, 2025 2:15:03 AM PST","23171353421","Order","114-2817616-3585006","7Z-MGKR-201D","Epoxy Resin 2 Gallon Kit,Crystal Clear Epoxy Resin,Not Yellowing,Bubble Free,Food Safe Resin & Fast Curing Resin for Coating, Casting, Table Top, Rive","1","amazon.com","Amazon","STATEN ISLAND","NY","10306","MarketplaceFacilitator","85.31","7.13","0","0","0","0","0","0","-5.00","0","-7.13","-12.05","-12.20","0","0","56.06"
"Mar 7, 2025 5:34:02 AM PST","23171353421","Order","S01-5215751-5376402","ZS-DGQY-G4LL","YOBTOP 1.5 Gallon Deep Pour Epoxy Resin Kit, Crystal Clear, High-Gloss, Low Odor, 2:1 Casting Resin for DIY Molds, Wood River Table, Bar Top","1","sim1.stores.amazon.com","Amazon","JUNCTION CITY","OR","97448","","0","0","0","0","0","0","0","0","0","0","0","0","-20.18","0","0","-20.18"
"Mar 7, 2025 6:11:11 AM PST","23171353421","FBA Inventory Fee","","","FBA storage fee","","Amazon.com","","","","","","0","0","0","0","0","0","0","0","0","0","0","0","0","0","-308.64","-308.64"
"Mar 7, 2025 6:58:48 AM PST","23171353421","Order","112-2094696-7089034","X8-VCXU-74WN","YOBTOP 1000g UV Resin, Upgraded UV Resin Kit with Fast Curing Crystal Clear High Gloss Odourless Low Viscosity Hard Type UV Epoxy Resin for DIY Jewelr","1","amazon.com","Amazon","PASADENA","CALIFORNIA","91106","MarketplaceFacilitator","27.19","2.79","2.99","0","0","0","0","0","-2.99","0","-2.79","-4.08","-6.21","0","0","16.90"
"Mar 7, 2025 10:46:51 AM PST","23171353421","Order","S01-4252617-1971631","70-6SRD-PN1Y","YOBTOP Epoxy Resin 32oz Epoxy Resin Kit Crystal Clear High Gloss Self Leveling Bubble Free Not Yellowing Easy to Mix 1:1 for Coating & Casting, DIY Crafts, Jewelry Making, Table Top, River Table","1","sim1.stores.amazon.com","Amazon","RIVERVIEW","FL","33578","","0","0","0","0","0","0","0","0","0","0","0","0","-11.34","0","0","-11.34"
"Mar 7, 2025 11:27:12 AM PST","23171353421","Service Fee","0b922abc-00a0-4d5b-a6f3-01dbaae66ba5","","Coupon Redemption Fee: Save $5 on 2 Gallon Epoxy Resin Kit","1","Amazon.com","","","","","","0","0","0","0","0","0","0","0","0","0","0","0","0","-0.60","0","-0.60"
"Mar 7, 2025 12:31:49 PM PST","23171353421","Order","113-8607271-3977029","X8-VCXU-74WN","YOBTOP 1000g UV Resin, Upgraded UV Resin Kit with Fast Curing Crystal Clear High Gloss Odourless Low Viscosity Hard Type UV Epoxy Resin for DIY Jewelr","1","amazon.com","Amazon","RENO","NV","89509","MarketplaceFacilitator","27.19","2.02","0","0","0","0","0","0","-2.72","0","-2.02","-3.67","-6.21","0","0","14.59"
"Mar 7, 2025 12:33:22 PM PST","23171353421","Order","S01-7381429-9777206","ZS-DGQY-G4LL","YOBTOP 1.5 Gallon Deep Pour Epoxy Resin Kit, Crystal Clear, High-Gloss, Low Odor, 2:1 Casting Resin for DIY Molds, Wood River Table, Bar Top","1","sim1.stores.amazon.com","Amazon","MIAMISBURG","OH","45342","","0","0","0","0","0","0","0","0","0","0","0","0","-20.18","0","0","-20.18"
"Mar 7, 2025 9:19:00 PM PST","23171353421","Order","S01-3274863-1570046","51-MQ61-6SU7","YOBTOP Epoxy Resin 80oz Epoxy Resin Kit Crystal Clear High Gloss Self Leveling Bubble Free Not Yellowing Easy to Mix 1:1 for Coating & Casting, DIY Crafts, Jewelry Making, Table Top, River Table","1","sim1.stores.amazon.com","Amazon","JOLIET","IL","60435","","0","0","0","0","0","0","0","0","0","0","0","0","-14.06","0","0","-14.06"
"Mar 7, 2025 10:18:06 PM PST","23171353421","Order","111-6110857-6528229","7Z-MGKR-201D","Epoxy Resin 2 Gallon Kit - Crystal Clear, Bubble Free, Food Safe & Fast Curing for Coating, Casting, Table Top, Countertop, Wood, Jewelry, DIY, Tumble","1","amazon.com","Amazon","LAKEWOOD","WA","98498","MarketplaceFacilitator","85.31","8.62","0","0","0","0","0","0","0","0","-8.62","-12.80","-12.20","0","0","60.31"
"Mar 8, 2025 2:11:22 AM PST","23171353421","Order","112-0352153-4635453","X8-VCXU-74WN","YOBTOP 1000g UV Resin, Upgraded UV Resin Kit with Fast Curing Crystal Clear High Gloss Odourless Low Viscosity Hard Type UV Epoxy Resin for DIY Jewelr","1","amazon.com","Amazon","PORTSMOUTH","NH","03801","","27.19","0","1.49","0","0","0","0","0","-1.49","0","0","-4.08","-6.21","0","0","16.90"
"Mar 8, 2025 3:02:46 AM PST","23171353421","Order","113-8575440-0382660","X8-VCXU-74WN","YOBTOP 1000g UV Resin, Upgraded UV Resin Kit with Fast Curing Crystal Clear High Gloss Odourless Low Viscosity Hard Type UV Epoxy Resin for DIY Jewelr","1","amazon.com","Amazon","EL PASO","TX","79927","MarketplaceFacilitator","27.19","2.24","6.23","0","0","0","0","0","-6.23","0","-2.24","-4.08","-6.21","0","0","16.90"
"Mar 8, 2025 11:21:00 AM PST","23171353421","Order","111-7244899-0598611","7Z-MGKR-201D","Epoxy Resin 2 Gallon Kit,Crystal Clear Epoxy Resin,Not Yellowing,Bubble Free,Food Safe Resin & Fast Curing Resin for Coating, Casting, Table Top, Rive","1","amazon.com","Amazon","WAUKON","IA","52172","MarketplaceFacilitator","85.31","5.97","3.49","0","0","0","0","0","-3.49","0","-5.97","-12.80","-12.20","0","0","60.31"
"Mar 8, 2025 3:29:37 PM PST","23171353421","Refund","111-6403985-1039442","7Z-MGKR-201D","Epoxy Resin 2 Gallon Kit,Crystal Clear Epoxy Resin,Not Yellowing,Bubble Free,Food Safe Resin & Fast Curing Resin for Coating, Casting, Table Top, Rive","1","amazon.com","Amazon","MONTGOMERY","TX","77316","MarketplaceFacilitator","-85.31","-6.83","-1.49","0","0","0","0","0","3.99","0","6.83","9.94","0","0","0","-72.87"
"Mar 8, 2025 3:29:58 PM PST","23171353421","Refund","111-6403985-1039442","7Z-MGKR-201D","Epoxy Resin 2 Gallon Kit,Crystal Clear Epoxy Resin,Not Yellowing,Bubble Free,Food Safe Resin & Fast Curing Resin for Coating, Casting, Table Top, Rive","1","amazon.com","Amazon","MONTGOMERY","TX","77316","MarketplaceFacilitator","-85.31","-6.83","-1.50","0","0","0","0","0","4.00","0","6.83","9.94","0","0","0","-72.87"
"Mar 8, 2025 5:08:26 PM PST","23171353421","Refund","111-1698354-3514632","OX-S8RX-8DDW","Epoxy Resin Kit 1 Gallon,Crystal Clear Casting Table Top Epoxy Resin,Bubble Free & Fast Curing Resin for Countertop, Wood,Jewelry,DIY, Tumblers,Art,Re","1","amazon.com","Amazon","MONTGOMERY","TX","77316","MarketplaceFacilitator","-49.99","-4.12","0","0","0","0","0","0","0","0","4.12","6.00","0","0","0","-43.99"
"Mar 9, 2025 3:11:01 AM PDT","23171353421","Order","111-7130465-0555422","X8-VCXU-74WN","YOBTOP 1000g UV Resin, Upgraded UV Resin Kit with Fast Curing Crystal Clear High Gloss Odourless Low Viscosity Hard Type UV Epoxy Resin for DIY Jewelr","1","amazon.com","Amazon","OCALA","FL","34479","MarketplaceFacilitator","27.19","2.04","0","0","0","0","0","0","0","0","-2.04","-4.08","-6.21","0","0","16.90"
"Mar 9, 2025 3:28:55 AM PDT","23171353421","Order","S01-0932593-1398067","ZS-DGQY-G4LL","YOBTOP 1.5 Gallon Deep Pour Epoxy Resin Kit, Crystal Clear, High-Gloss, Low Odor, 2:1 Casting Resin for DIY Molds, Wood River Table, Bar Top","1","sim1.stores.amazon.com","Amazon","WINTER PARK","FL","32792","","0","0","0","0","0","0","0","0","0","0","0","0","-20.18","0","0","-20.18"
"Mar 9, 2025 7:54:19 AM PDT","23171353421","Order","114-1460510-5737806","7Z-MGKR-201D","Epoxy Resin 2 Gallon Kit,Crystal Clear Epoxy Resin,Not Yellowing,Bubble Free,Food Safe Resin & Fast Curing Resin for Coating, Casting, Table Top, Rive","1","amazon.com","Amazon","SPOKANE","WA","99205","MarketplaceFacilitator","85.31","6.91","0","0","0","0","0","0","-8.53","0","-6.91","-11.52","-12.20","0","0","53.06"
"Mar 9, 2025 12:26:13 PM PDT","23171353421","Service Fee","0b922abc-00a0-4d5b-a6f3-01dbaae66ba5","","Coupon Redemption Fee: Save $5 on 2 Gallon Epoxy Resin Kit","1","Amazon.com","","","","","","0","0","0","0","0","0","0","0","0","0","0","0","0","-0.60","0","-0.60"
"Mar 9, 2025 10:44:47 PM PDT","23171353421","Order","S01-8002883-5618041","ZS-DGQY-G4LL","YOBTOP 1.5 Gallon Deep Pour Epoxy Resin Kit, Crystal Clear, High-Gloss, Low Odor, 2:1 Casting Resin for DIY Molds, Wood River Table, Bar Top","2","sim1.stores.amazon.com","Amazon","AMARILLO","TX","79108","","0","0","0","0","0","0","0","0","0","0","0","0","-32.08","0","0","-32.08"
"Mar 9, 2025 11:43:59 PM PDT","23171353421","Order","111-9300517-5101835","X8-VCXU-74WN","YOBTOP 1000g UV Resin, Upgraded UV Resin Kit with Fast Curing Crystal Clear High Gloss Odourless Low Viscosity Hard Type UV Epoxy Resin for DIY Jewelr","1","amazon.com","Amazon","NEW MARKET","AL","35761","MarketplaceFacilitator","27.19","2.18","0","0","0","0","0","0","0","0","-2.18","-4.08","-6.21","0","0","16.90"
"Mar 10, 2025 12:40:59 AM PDT","23171353421","Order","112-3331786-0286621","X8-VCXU-74WN","YOBTOP 1000g UV Resin, Upgraded UV Resin Kit with Fast Curing Crystal Clear High Gloss Odourless Low Viscosity Hard Type UV Epoxy Resin for DIY Jewelr","1","amazon.com","Amazon","GRAND JUNCTION","CO","81505","MarketplaceFacilitator","27.19","2.35","6.88","0","0","0","0","0","-6.88","0","-2.35","-4.08","-6.21","0","0","16.90"
"Mar 10, 2025 3:01:51 AM PDT","23171353421","Transfer","","","To your account ending in: 676, Bank Transfer ID: 5AHQU9D2T6BSJLJ","","","","","","","","0","0","0","0","0","0","0","0","0","0","0","0","0","0","-326.56","-326.56"
"Mar 10, 2025 7:26:57 AM PDT","23171353421","Order","S01-0209952-6051640","ZS-DGQY-G4LL","YOBTOP 1.5 Gallon Deep Pour Epoxy Resin Kit, Crystal Clear, High-Gloss, Low Odor, 2:1 Casting Resin for DIY Molds, Wood River Table, Bar Top","1","sim1.stores.amazon.com","Amazon","NEW STRAITSVILLE","OH","43766","","0","0","0","0","0","0","0","0","0","0","0","0","-20.18","0","0","-20.18"
"Mar 10, 2025 11:24:16 AM PDT","23171353421","Order","S01-7332757-7014827","ZS-DGQY-G4LL","YOBTOP 1.5 Gallon Deep Pour Epoxy Resin Kit, Crystal Clear, High-Gloss, Low Odor, 2:1 Casting Resin for DIY Molds, Wood River Table, Bar Top","2","sim1.stores.amazon.com","Amazon","SPRINGFIELD","OR","97478","","0","0","0","0","0","0","0","0","0","0","0","0","-32.08","0","0","-32.08"
"Mar 10, 2025 11:24:46 AM PDT","23171353421","Order","S01-7587554-4319623","ZS-DGQY-G4LL","YOBTOP 1.5 Gallon Deep Pour Epoxy Resin Kit, Crystal Clear, High-Gloss, Low Odor, 2:1 Casting Resin for DIY Molds, Wood River Table, Bar Top","1","sim1.stores.amazon.com","Amazon","LA PINE","OR","97739","","0","0","0","0","0","0","0","0","0","0","0","0","-20.18","0","0","-20.18"
"Mar 10, 2025 11:53:59 AM PDT","23171353421","Order","S01-1377361-1601237","E0-GH8D-U35C","YOBTOP Epoxy Resin 1 Gallon Epoxy Resin Kit Crystal Clear High Gloss Self Leveling Bubble Free Not Yellowing Easy to Mix 1:1 for Coating & Casting, DIY Crafts, Jewelry Making, Table Top, River Table","1","sim1.stores.amazon.com","Amazon","INDIANAPOLIS","IN","46222","","0","0","0","0","0","0","0","0","0","0","0","0","-16.78","0","0","-16.78"
"Mar 10, 2025 5:44:37 PM PDT","23171353421","Order","S01-6989532-9498067","E0-GH8D-U35C","YOBTOP Epoxy Resin 1 Gallon Epoxy Resin Kit Crystal Clear High Gloss Self Leveling Bubble Free Not Yellowing Easy to Mix 1:1 for Coating & Casting, DIY Crafts, Jewelry Making, Table Top, River Table","1","sim1.stores.amazon.com","Amazon","BULLHEAD CITY","AZ","86442","","0","0","0","0","0","0","0","0","0","0","0","0","-16.78","0","0","-16.78"
"Mar 10, 2025 7:22:36 PM PDT","23171353421","Order","S01-5833253-6088424","ZS-DGQY-G4LL","YOBTOP 1.5 Gallon Deep Pour Epoxy Resin Kit, Crystal Clear, High-Gloss, Low Odor, 2:1 Casting Resin for DIY Molds, Wood River Table, Bar Top","1","sim1.stores.amazon.com","Amazon","OOLTEWAH","TN","37363","","0","0","0","0","0","0","0","0","0","0","0","0","-20.18","0","0","-20.18"
"Mar 11, 2025 2:46:50 AM PDT","23171353421","Service Fee","","","Subscription","","Amazon.com","","","","","","0","0","0","0","0","0","0","0","0","0","0","0","0","0","-12.65","-12.65"
"Mar 11, 2025 3:16:52 AM PDT","23171353421","Order","114-9589719-0400257","7Z-MGKR-201D","Epoxy Resin 2 Gallon Kit - Crystal Clear, Bubble Free, Food Safe & Fast Curing for Coating, Casting, Table Top, Countertop, Wood, Jewelry, DIY, Tumble","1","amazon.com","Amazon","APPLE VALLEY","MN","55124","MarketplaceFacilitator","85.31","0","1.00","0","0","0","0","0","-9.53","0","0","-11.52","-12.20","0","0","53.06"
"Mar 11, 2025 3:46:49 AM PDT","23171353421","Order","S01-8539727-0531655","ZS-DGQY-G4LL","YOBTOP 1.5 Gallon Deep Pour Epoxy Resin Kit, Crystal Clear, High-Gloss, Low Odor, 2:1 Casting Resin for DIY Molds, Wood River Table, Bar Top","1","sim1.stores.amazon.com","Amazon","LEHI","UT","84043","","0","0","0","0","0","0","0","0","0","0","0","0","-20.18","0","0","-20.18"
"Mar 11, 2025 5:15:44 AM PDT","23171353421","Order","S01-1294983-2048419","ZS-DGQY-G4LL","YOBTOP 1.5 Gallon Deep Pour Epoxy Resin Kit, Crystal Clear, High-Gloss, Low Odor, 2:1 Casting Resin for DIY Molds, Wood River Table, Bar Top","1","sim1.stores.amazon.com","Amazon","BILLINGS","MT","59102","","0","0","0","0","0","0","0","0","0","0","0","0","-14.98","0","0","-14.98"
"Mar 11, 2025 5:15:44 AM PDT","23171353421","Order","S01-1294983-2048419","ZS-DGQY-G4LL","YOBTOP 1.5 Gallon Deep Pour Epoxy Resin Kit, Crystal Clear, High-Gloss, Low Odor, 2:1 Casting Resin for DIY Molds, Wood River Table, Bar Top","1","sim1.stores.amazon.com","Amazon","BILLINGS","MT","59102","","0","0","0","0","0","0","0","0","0","0","0","0","-14.98","0","0","-14.98"
"Mar 11, 2025 7:52:50 AM PDT","23171353421","Order","113-9720202-5644231","X8-VCXU-74WN","YOBTOP 1000g UV Resin, Upgraded UV Resin Kit with Fast Curing Crystal Clear High Gloss Odourless Low Viscosity Hard Type UV Epoxy Resin for DIY Jewelr","1","amazon.com","Amazon","BERNALILLO","NM","87004","MarketplaceFacilitator","27.19","1.89","0","0","0","0","0","0","0","0","-1.89","-4.08","-6.21","0","0","16.90"
"Mar 11, 2025 8:46:42 AM PDT","23171353421","Order","S01-9845252-3998803","ZS-DGQY-G4LL","YOBTOP 1.5 Gallon Deep Pour Epoxy Resin Kit, Crystal Clear, High-Gloss, Low Odor, 2:1 Casting Resin for DIY Molds, Wood River Table, Bar Top","2","sim1.stores.amazon.com","Amazon","SLIDELL","LA","70461","","0","0","0","0","0","0","0","0","0","0","0","0","-32.08","0","0","-32.08"
"Mar 11, 2025 11:12:31 AM PDT","23171353421","Order","S01-4417629-3898827","X8-VCXU-74WN","YOBTOP 1000g UV Resin, Upgraded UV Resin Kit with Fast Curing Crystal Clear High Gloss Odourless Low Viscosity Hard Type UV Epoxy Resin for DIY Jewelry Making Casting and Coating Craft","1","sim1.stores.amazon.com","Amazon","AURORA","CO","80015","","0","0","0","0","0","0","0","0","0","0","0","0","-11.34","0","0","-11.34"
"Mar 11, 2025 7:47:56 PM PDT","23171353421","Order","112-6699906-4283465","7Z-MGKR-201D","Epoxy Resin 2 Gallon Kit - Crystal Clear, Bubble Free, Food Safe & Fast Curing for Coating, Casting, Table Top, Countertop, Wood, Jewelry, DIY, Tumble","1","amazon.com","Amazon","RONKONKOMA","NY","11779","MarketplaceFacilitator","85.31","7.03","0","0","0","0","0","0","-5.00","0","-7.03","-12.05","-12.20","0","0","56.06"
"Mar 11, 2025 11:46:29 PM PDT","23171353421","Order","S01-3048001-4793265","X8-VCXU-74WN","YOBTOP 1000g UV Resin, Upgraded UV Resin Kit with Fast Curing Crystal Clear High Gloss Odourless Low Viscosity Hard Type UV Epoxy Resin for DIY Jewelry Making Casting and Coating Craft","1","sim1.stores.amazon.com","Amazon","MINERAL WELLS","TX","76067","","0","0","0","0","0","0","0","0","0","0","0","0","-11.34","0","0","-11.34"
"Mar 12, 2025 2:33:55 AM PDT","23171353421","Order","S01-3361763-3398847","X8-VCXU-74WN","YOBTOP 1000g UV Resin, Upgraded UV Resin Kit with Fast Curing Crystal Clear High Gloss Odourless Low Viscosity Hard Type UV Epoxy Resin for DIY Jewelry Making Casting and Coating Craft","1","sim1.stores.amazon.com","Amazon","SPARKS","NV","89431","","0","0","0","0","0","0","0","0","0","0","0","0","-11.34","0","0","-11.34"
"Mar 12, 2025 3:17:28 AM PDT","23171353421","Order","112-6946171-1602647","OX-S8RX-8DDW","Epoxy Resin Kit 1 Gallon,Crystal Clear Casting Table Top Epoxy Resin,Bubble Free & Fast Curing Resin for Countertop, Wood,Jewelry,DIY, Tumblers,Art,Re","1","amazon.com","Amazon","Nulato","AK","99765","MarketplaceFacilitator","49.99","0","0","0","0","0","0","0","0","0","0","-7.50","-9.16","0","0","33.33"
"Mar 12, 2025 4:05:13 AM PDT","23171353421","Order","113-6781799-1685053","X8-VCXU-74WN","YOBTOP 1000g UV Resin, Upgraded UV Resin Kit with Fast Curing Crystal Clear High Gloss Odourless Low Viscosity Hard Type UV Epoxy Resin for DIY Jewelr","1","amazon.com","Amazon","LONG BEACH","CA","90815","MarketplaceFacilitator","27.19","2.79","2.99","0","0","0","0","0","-2.99","0","-2.79","-4.08","-6.21","0","0","16.90"
"Mar 12, 2025 6:31:48 AM PDT","23171353421","Order","114-0365619-2885014","7Z-MGKR-201D","Epoxy Resin 2 Gallon Kit - Crystal Clear, Bubble Free, Food Safe & Fast Curing for Coating, Casting, Table Top, Countertop, Wood, Jewelry, DIY, Tumble","1","amazon.com","Amazon","HEPHZIBAH","GA","30815","MarketplaceFacilitator","85.31","7.25","0","0","0","0","0","0","0","0","-7.25","-12.80","-12.20","0","0","60.31"
"Mar 12, 2025 10:07:55 AM PDT","23171353421","Order","S01-1729479-6325243","E0-GH8D-U35C","YOBTOP Epoxy Resin 1 Gallon Epoxy Resin Kit Crystal Clear High Gloss Self Leveling Bubble Free Not Yellowing Easy to Mix 1:1 for Coating & Casting, DIY Crafts, Jewelry Making, Table Top, River Table","1","sim1.stores.amazon.com","Amazon","SAN JOSE","NM","87565","","0","0","0","0","0","0","0","0","0","0","0","0","-16.78","0","0","-16.78"
"Mar 12, 2025 1:46:09 PM PDT","23171353421","Order","S01-9821331-9465246","X8-VCXU-74WN","YOBTOP 1000g UV Resin, Upgraded UV Resin Kit with Fast Curing Crystal Clear High Gloss Odourless Low Viscosity Hard Type UV Epoxy Resin for DIY Jewelry Making Casting and Coating Craft","1","sim1.stores.amazon.com","Amazon","LAKE CITY","MI","49651","","0","0","0","0","0","0","0","0","0","0","0","0","-11.34","0","0","-11.34"
"Mar 12, 2025 4:32:35 PM PDT","23171353421","Order","S01-3662525-6837209","X8-VCXU-74WN","YOBTOP 1000g UV Resin, Upgraded UV Resin Kit with Fast Curing Crystal Clear High Gloss Odourless Low Viscosity Hard Type UV Epoxy Resin for DIY Jewelry Making Casting and Coating Craft","1","sim1.stores.amazon.com","Amazon","GREEN BAY","WI","54311","","0","0","0","0","0","0","0","0","0","0","0","0","-11.34","0","0","-11.34"
"Mar 12, 2025 9:08:43 PM PDT","23171353421","Order","S01-9928692-9826040","X8-VCXU-74WN","YOBTOP 1000g UV Resin, Upgraded UV Resin Kit with Fast Curing Crystal Clear High Gloss Odourless Low Viscosity Hard Type UV Epoxy Resin for DIY Jewelry Making Casting and Coating Craft","1","sim1.stores.amazon.com","Amazon","ROBBINSDALE","MN","55422","","0","0","0","0","0","0","0","0","0","0","0","0","-11.34","0","0","-11.34"
"Mar 12, 2025 11:58:53 PM PDT","23171353421","Order","114-5525910-7158666","X8-VCXU-74WN","YOBTOP 1000g UV Resin, Upgraded UV Resin Kit with Fast Curing Crystal Clear High Gloss Odourless Low Viscosity Hard Type UV Epoxy Resin for DIY Jewelr","1","amazon.com","Amazon","ARLINGTON","TX","76017","MarketplaceFacilitator","27.19","2.24","6.28","0","0","0","0","0","-6.28","0","-2.24","-4.08","-6.21","0","0","16.90"
"Mar 13, 2025 12:50:19 AM PDT","23171353421","Order","S01-1709974-9331666","X8-VCXU-74WN","YOBTOP 1000g UV Resin, Upgraded UV Resin Kit with Fast Curing Crystal Clear High Gloss Odourless Low Viscosity Hard Type UV Epoxy Resin for DIY Jewelry Making Casting and Coating Craft","1","sim1.stores.amazon.com","Amazon","LAKE FOREST","CA","92630","","0","0","0","0","0","0","0","0","0","0","0","0","-7.85","0","0","-7.85"
"Mar 13, 2025 12:50:19 AM PDT","23171353421","Order","S01-1709974-9331666","X8-VCXU-74WN","YOBTOP 1000g UV Resin, Upgraded UV Resin Kit with Fast Curing Crystal Clear High Gloss Odourless Low Viscosity Hard Type UV Epoxy Resin for DIY Jewelry Making Casting and Coating Craft","1","sim1.stores.amazon.com","Amazon","LAKE FOREST","CA","92630","","0","0","0","0","0","0","0","0","0","0","0","0","-7.85","0","0","-7.85"
"Mar 13, 2025 1:37:03 AM PDT","23171353421","Order","114-8052845-8837812","7Z-MGKR-201D","Epoxy Resin 2 Gallon Kit - Crystal Clear, Bubble Free, Food Safe & Fast Curing for Coating, Casting, Table Top, Countertop, Wood, Jewelry, DIY, Tumble","1","amazon.com","Amazon","CROSSETT","AR","71635","MarketplaceFacilitator","83.41","8.13","3.49","0","0","0","0","0","-3.49","0","-8.13","-12.51","-12.20","0","0","58.70"
"Mar 13, 2025 2:21:56 AM PDT","23171353421","Order","112-6895439-5460235","7Z-MGKR-201D","Epoxy Resin 2 Gallon Kit - Crystal Clear, Bubble Free, Food Safe & Fast Curing for Coating, Casting, Table Top, Countertop, Wood, Jewelry, DIY, Tumble","1","amazon.com","Amazon","CHESTERFIELD","MI","48047","MarketplaceFacilitator","94.79","5.12","2.99","0","0","0","0","0","-12.47","0","-5.12","-12.80","-12.20","0","0","60.31"
"Mar 13, 2025 3:47:34 AM PDT","23171353421","Order","114-8052845-8837812","7Z-MGKR-201D","Epoxy Resin 2 Gallon Kit - Crystal Clear, Bubble Free, Food Safe & Fast Curing for Coating, Casting, Table Top, Countertop, Wood, Jewelry, DIY, Tumble","1","amazon.com","Amazon","CROSSETT","AR","71635","MarketplaceFacilitator","83.41","8.13","3.50","0","0","0","0","0","-3.50","0","-8.13","-12.51","-12.20","0","0","58.70"
"Mar 13, 2025 6:30:48 AM PDT","23171353421","Order","S01-8217655-4701228","ZS-DGQY-G4LL","YOBTOP 1.5 Gallon Deep Pour Epoxy Resin Kit, Crystal Clear, High-Gloss, Low Odor, 2:1 Casting Resin for DIY Molds, Wood River Table, Bar Top","1","sim1.stores.amazon.com","Amazon","TITUSVILLE","FL","32780","","0","0","0","0","0","0","0","0","0","0","0","0","-16.04","0","0","-16.04"
"Mar 13, 2025 6:30:48 AM PDT","23171353421","Order","S01-8217655-4701228","ZS-DGQY-G4LL","YOBTOP 1.5 Gallon Deep Pour Epoxy Resin Kit, Crystal Clear, High-Gloss, Low Odor, 2:1 Casting Resin for DIY Molds, Wood River Table, Bar Top","1","sim1.stores.amazon.com","Amazon","TITUSVILLE","FL","32780","","0","0","0","0","0","0","0","0","0","0","0","0","-16.04","0","0","-16.04"
"Mar 13, 2025 8:32:30 AM PDT","23171353421","Order","S01-7741229-5598856","X8-VCXU-74WN","YOBTOP 1000g UV Resin, Upgraded UV Resin Kit with Fast Curing Crystal Clear High Gloss Odourless Low Viscosity Hard Type UV Epoxy Resin for DIY Jewelry Making Casting and Coating Craft","1","sim1.stores.amazon.com","Amazon","WHITING","NJ","08759","","0","0","0","0","0","0","0","0","0","0","0","0","-11.34","0","0","-11.34"
"Mar 13, 2025 9:29:09 AM PDT","23171353421","Order","114-0365619-2885014","7Z-MGKR-201D","Epoxy Resin 2 Gallon Kit - Crystal Clear, Bubble Free, Food Safe & Fast Curing for Coating, Casting, Table Top, Countertop, Wood, Jewelry, DIY, Tumble","1","amazon.com","Amazon","HEPHZIBAH","GA","30815","MarketplaceFacilitator","85.31","7.25","0","0","0","0","0","0","0","0","-7.25","-12.80","-12.20","0","0","60.31"
"Mar 13, 2025 12:45:01 PM PDT","23171353421","Order","S01-9535663-8685224","ZS-DGQY-G4LL","YOBTOP 1.5 Gallon Deep Pour Epoxy Resin Kit, Crystal Clear, High-Gloss, Low Odor, 2:1 Casting Resin for DIY Molds, Wood River Table, Bar Top","1","sim1.stores.amazon.com","Amazon","SOUTHBRIDGE","MA","01550","","0","0","0","0","0","0","0","0","0","0","0","0","-20.18","0","0","-20.18"
"Mar 13, 2025 9:44:00 PM PDT","23171353421","Order","S01-8465947-5095631","X8-VCXU-74WN","YOBTOP 1000g UV Resin, Upgraded UV Resin Kit with Fast Curing Crystal Clear High Gloss Odourless Low Viscosity Hard Type UV Epoxy Resin for DIY Jewelry Making Casting and Coating Craft","1","sim1.stores.amazon.com","Amazon","Chicago","IL","60609","","0","0","0","0","0","0","0","0","0","0","0","0","-11.34","0","0","-11.34"
"Mar 13, 2025 10:48:01 PM PDT","23171353421","Order","S01-1072726-6442046","X8-VCXU-74WN","YOBTOP 1000g UV Resin, Upgraded UV Resin Kit with Fast Curing Crystal Clear High Gloss Odourless Low Viscosity Hard Type UV Epoxy Resin for DIY Jewelry Making Casting and Coating Craft","1","sim1.stores.amazon.com","Amazon","HAMMOND","LA","70401","","0","0","0","0","0","0","0","0","0","0","0","0","-11.34","0","0","-11.34"
"Mar 14, 2025 5:46:54 AM PDT","23171353421","Order","112-5458021-5139465","7Z-MGKR-201D","Epoxy Resin 2 Gallon Kit - Crystal Clear, Bubble Free, Food Safe & Fast Curing for Coating, Casting, Table Top, Countertop, Wood, Jewelry, DIY, Tumble","1","amazon.com","Amazon","BATON ROUGE","LA","70817","MarketplaceFacilitator","85.31","8.96","0","0","0","0","0","0","0","0","-8.96","-12.80","-12.20","0","0","60.31"
"Mar 14, 2025 6:10:11 AM PDT","23171353421","Order","111-1793837-9615424","7Z-MGKR-201D","Epoxy Resin 2 Gallon Kit - Crystal Clear, Bubble Free, Food Safe & Fast Curing for Coating, Casting, Table Top, Countertop, Wood, Jewelry, DIY, Tumble","1","amazon.com","Amazon","MYRTLE BEACH","SC","29588","MarketplaceFacilitator","94.79","7.58","2.99","0","0","0","0","0","-2.99","0","-7.58","-14.22","-12.20","0","0","68.37"
"Mar 14, 2025 6:32:57 AM PDT","23171353421","Adjustment","","7Z-MGKR-201D","FBA Inventory Reimbursement - Lost:Warehouse","1","","","","","","","0","0","0","0","0","0","0","0","0","0","0","0","0","0","60.09","60.09"
"Mar 14, 2025 8:03:37 AM PDT","23171353421","Order","S01-1301511-8402849","E0-GH8D-U35C","YOBTOP Epoxy Resin 1 Gallon Epoxy Resin Kit Crystal Clear High Gloss Self Leveling Bubble Free Not Yellowing Easy to Mix 1:1 for Coating & Casting, DIY Crafts, Jewelry Making, Table Top, River Table","1","sim1.stores.amazon.com","Amazon","FLORENCE","CO","81226","","0","0","0","0","0","0","0","0","0","0","0","0","-16.78","0","0","-16.78"
"Mar 14, 2025 2:10:42 PM PDT","23171353421","Order","S01-5484548-8831667","51-MQ61-6SU7","YOBTOP Epoxy Resin 80oz Epoxy Resin Kit Crystal Clear High Gloss Self Leveling Bubble Free Not Yellowing Easy to Mix 1:1 for Coating & Casting, DIY Crafts, Jewelry Making, Table Top, River Table","1","sim1.stores.amazon.com","Amazon","FORT PIERCE","FL","34982","","0","0","0","0","0","0","0","0","0","0","0","0","-14.06","0","0","-14.06"
"Mar 14, 2025 9:36:01 PM PDT","23171353421","Order","112-7964055-4385860","OX-S8RX-8DDW","Epoxy Resin Kit 1 Gallon,Crystal Clear Casting Table Top Epoxy Resin,Bubble Free & Fast Curing Resin for Countertop, Wood,Jewelry,DIY, Tumblers,Art,Re","1","amazon.com","Amazon","CLOVER","SC","29710","MarketplaceFacilitator","57.05","3.99","0","0","0","0","0","0","0","0","-3.99","-8.56","-9.16","0","0","39.33"
"Mar 15, 2025 1:03:08 AM PDT","23171353421","Order","113-5341182-1441838","7Z-MGKR-201D","Epoxy Resin 2 Gallon Kit - Crystal Clear, Bubble Free, Food Safe & Fast Curing for Coating, Casting, Table Top, Countertop, Wood, Jewelry, DIY, Tumble","1","amazon.com","Amazon","SANFORD","CO","81151","MarketplaceFacilitator","85.31","3.94","0","0","0","0","0","0","-5.00","0","-3.94","-12.05","-12.20","0","0","56.06"
"Mar 15, 2025 5:30:47 AM PDT","23171353421","Order","112-9526071-4398660","X8-VCXU-74WN","YOBTOP 1000g UV Resin, Upgraded UV Resin Kit with Fast Curing Crystal Clear High Gloss Odourless Low Viscosity Hard Type UV Epoxy Resin for DIY Jewelr","1","amazon.com","Amazon","KAILUA","HI","96734","MarketplaceFacilitator","27.19","1.28","0","0","0","0","0","0","0","0","-2.56","-8.16","-6.21","0","0","11.54"
"Mar 15, 2025 5:30:47 AM PDT","23171353421","Order","112-9526071-4398660","X8-VCXU-74WN","YOBTOP 1000g UV Resin, Upgraded UV Resin Kit with Fast Curing Crystal Clear High Gloss Odourless Low Viscosity Hard Type UV Epoxy Resin for DIY Jewelr","1","amazon.com","Amazon","KAILUA","HI","96734","","27.19","1.28","0","0","0","0","0","0","0","0","0","0","-6.21","0","0","22.26"
"Mar 15, 2025 6:57:44 AM PDT","23171353421","Order","114-7512286-5057856","7Z-MGKR-201D","Epoxy Resin 2 Gallon Kit - Crystal Clear, Bubble Free, Food Safe & Fast Curing for Coating, Casting, Table Top, Countertop, Wood, Jewelry, DIY, Tumble","1","amazon.com","Amazon","NEW BRAUNFELS","TX","78130","MarketplaceFacilitator","94.79","6.40","0","0","0","0","0","0","0","0","-6.40","-14.22","-12.20","0","0","68.37"
"Mar 15, 2025 3:46:31 PM PDT","23171353421","Order","S01-2800285-9848429","E0-GH8D-U35C","YOBTOP Epoxy Resin 1 Gallon Epoxy Resin Kit Crystal Clear High Gloss Self Leveling Bubble Free Not Yellowing Easy to Mix 1:1 for Coating & Casting, DIY Crafts, Jewelry Making, Table Top, River Table","1","sim1.stores.amazon.com","Amazon","APPLE VALLEY","CA","92307","","0","0","0","0","0","0","0","0","0","0","0","0","-16.78","0","0","-16.78"
"Mar 15, 2025 6:08:03 PM PDT","23171353421","Order","S01-7242603-9247618","ZS-DGQY-G4LL","YOBTOP 1.5 Gallon Deep Pour Epoxy Resin Kit, Crystal Clear, High-Gloss, Low Odor, 2:1 Casting Resin for DIY Molds, Wood River Table, Bar Top","2","sim1.stores.amazon.com","Amazon","MIAMI","FL","33165","","0","0","0","0","0","0","0","0","0","0","0","0","-29.96","0","0","-29.96"
"Mar 16, 2025 7:48:53 AM PDT","23171353421","Order","112-1133350-0725865","7Z-MGKR-201D","Epoxy Resin 2 Gallon Kit - Crystal Clear, Bubble Free, Food Safe & Fast Curing for Coating, Casting, Table Top, Countertop, Wood, Jewelry, DIY, Tumble","1","amazon.com","Amazon","TUCSON","AZ","85756","MarketplaceFacilitator","94.79","8.25","0","0","0","0","0","0","0","0","-8.25","-14.22","-12.20","0","0","68.37"
"Mar 17, 2025 12:14:25 AM PDT","23186323761","Order","S01-2560154-6467600","X8-VCXU-74WN","YOBTOP 1000g UV Resin, Upgraded UV Resin Kit with Fast Curing Crystal Clear High Gloss Odourless Low Viscosity Hard Type UV Epoxy Resin for DIY Jewelry Making Casting and Coating Craft","1","sim1.stores.amazon.com","Amazon","Americus","GA","31709","","0","0","0","0","0","0","0","0","0","0","0","0","-11.34","0","0","-11.34"
"Mar 17, 2025 8:56:45 AM PDT","23186323761","Order","S01-7242603-9247618","ZS-DGQY-G4LL","YOBTOP 1.5 Gallon Deep Pour Epoxy Resin Kit, Crystal Clear, High-Gloss, Low Odor, 2:1 Casting Resin for DIY Molds, Wood River Table, Bar Top","1","sim1.stores.amazon.com","Amazon","MIAMI","FL","33165","","0","0","0","0","0","0","0","0","0","0","0","0","-14.98","0","0","-14.98"
"Mar 17, 2025 11:25:59 AM PDT","23186323761","Order","S01-3596093-1981256","ZS-DGQY-G4LL","YOBTOP 1.5 Gallon Deep Pour Epoxy Resin Kit, Crystal Clear, High-Gloss, Low Odor, 2:1 Casting Resin for DIY Molds, Wood River Table, Bar Top","1","sim1.stores.amazon.com","Amazon","NASHVILLE","TN","37207","","0","0","0","0","0","0","0","0","0","0","0","0","-20.18","0","0","-20.18"
"Mar 17, 2025 1:58:46 PM PDT","23186323761","Order","S01-0004678-8711604","ZS-DGQY-G4LL","YOBTOP 1.5 Gallon Deep Pour Epoxy Resin Kit, Crystal Clear, High-Gloss, Low Odor, 2:1 Casting Resin for DIY Molds, Wood River Table, Bar Top","1","sim1.stores.amazon.com","Amazon","FERNDALE","WA","98248","","0","0","0","0","0","0","0","0","0","0","0","0","-20.18","0","0","-20.18"
"Mar 17, 2025 8:37:38 PM PDT","23186323761","Order","112-6661653-9876219","OX-S8RX-8DDW","Epoxy Resin Kit 1 Gallon,Crystal Clear Casting Table Top Epoxy Resin,Bubble Free & Fast Curing Resin for Countertop, Wood,Jewelry,DIY, Tumblers,Art,Re","1","amazon.com","Amazon","TUJUNGA","CA","91042","MarketplaceFacilitator","57.05","5.42","0","0","0","0","0","0","0","0","-5.42","-8.56","-9.16","0","0","39.33"
"Mar 17, 2025 10:31:18 PM PDT","23186323761","Order","112-6583309-6682616","OX-S8RX-8DDW","Epoxy Resin Kit 1 Gallon,Crystal Clear Casting Table Top Epoxy Resin,Bubble Free & Fast Curing Resin for Countertop, Wood,Jewelry,DIY, Tumblers,Art,Re","1","amazon.com","Amazon","PLYMOUTH","MI","48170","MarketplaceFacilitator","47.00","2.82","0","0","0","0","0","0","0","0","-2.82","-7.05","-9.16","0","0","30.79"
"Mar 17, 2025 11:44:08 PM PDT","23186323761","Order","S01-2888296-8098827","51-MQ61-6SU7","YOBTOP Epoxy Resin 80oz Epoxy Resin Kit Crystal Clear High Gloss Self Leveling Bubble Free Not Yellowing Easy to Mix 1:1 for Coating & Casting, DIY Crafts, Jewelry Making, Table Top, River Table","1","sim1.stores.amazon.com","Amazon","CHICAGO","IL","60639","","0","0","0","0","0","0","0","0","0","0","0","0","-14.06","0","0","-14.06"
"Mar 18, 2025 12:16:41 AM PDT","23186323761","Order","S01-1075064-3659629","X8-VCXU-74WN","YOBTOP 1000g UV Resin, Upgraded UV Resin Kit with Fast Curing Crystal Clear High Gloss Odourless Low Viscosity Hard Type UV Epoxy Resin for DIY Jewelry Making Casting and Coating Craft","1","sim1.stores.amazon.com","Amazon","PERKINSTON","MS","39573","","0","0","0","0","0","0","0","0","0","0","0","0","-11.34","0","0","-11.34"
"Mar 18, 2025 12:19:36 AM PDT","23186323761","Order","S01-0878836-2866806","X8-VCXU-74WN","YOBTOP 1000g UV Resin, Upgraded UV Resin Kit with Fast Curing Crystal Clear High Gloss Odourless Low Viscosity Hard Type UV Epoxy Resin for DIY Jewelry Making Casting and Coating Craft","1","sim1.stores.amazon.com","Amazon","SPRING BRANCH","TX","78070","","0","0","0","0","0","0","0","0","0","0","0","0","-11.34","0","0","-11.34"
"Mar 18, 2025 3:27:37 AM PDT","23186323761","Order","S01-5271131-7317224","X8-VCXU-74WN","YOBTOP 1000g UV Resin, Upgraded UV Resin Kit with Fast Curing Crystal Clear High Gloss Odourless Low Viscosity Hard Type UV Epoxy Resin for DIY Jewelry Making Casting and Coating Craft","1","sim1.stores.amazon.com","Amazon","Lincoln","AR","72744","","0","0","0","0","0","0","0","0","0","0","0","0","-11.34","0","0","-11.34"
"Mar 18, 2025 3:54:44 AM PDT","23186323761","Order","S01-4603739-3203629","X8-VCXU-74WN","YOBTOP 1000g UV Resin, Upgraded UV Resin Kit with Fast Curing Crystal Clear High Gloss Odourless Low Viscosity Hard Type UV Epoxy Resin for DIY Jewelry Making Casting and Coating Craft","2","sim1.stores.amazon.com","Amazon","WEST JORDAN","UT","84084","","0","0","0","0","0","0","0","0","0","0","0","0","-15.70","0","0","-15.70"
"Mar 18, 2025 4:52:35 AM PDT","23186323761","Order","S01-4534906-1506851","X8-VCXU-74WN","YOBTOP 1000g UV Resin, Upgraded UV Resin Kit with Fast Curing Crystal Clear High Gloss Odourless Low Viscosity Hard Type UV Epoxy Resin for DIY Jewelry Making Casting and Coating Craft","1","sim1.stores.amazon.com","Amazon","SPRINGDALE","AR","72762","","0","0","0","0","0","0","0","0","0","0","0","0","-11.34","0","0","-11.34"
"Mar 18, 2025 6:03:15 AM PDT","23186323761","Order","114-2831124-5756248","OX-S8RX-8DDW","Epoxy Resin Kit 1 Gallon,Crystal Clear Casting Table Top Epoxy Resin,Bubble Free & Fast Curing Resin for Countertop, Wood,Jewelry,DIY, Tumblers,Art,Re","1","amazon.com","Amazon","CAMERON PARK","CA","95682","MarketplaceFacilitator","57.05","4.14","0","0","0","0","0","0","0","0","-4.14","-8.56","-9.16","0","0","39.33"
"Mar 18, 2025 6:24:14 AM PDT","23186323761","Transfer","","","To your account ending in: 676, Bank Transfer ID: 58RQBRJ4FK0CZTB","","","","","","","","0","0","0","0","0","0","0","0","0","0","0","0","0","0","-222.22","-222.22"
"Mar 18, 2025 7:03:15 AM PDT","23186323761","Order","111-7498448-5364233","X8-VCXU-74WN","YOBTOP 1000g UV Resin, Upgraded UV Resin Kit with Fast Curing Crystal Clear High Gloss Odourless Low Viscosity Hard Type UV Epoxy Resin for DIY Jewelr","1","amazon.com","Amazon","MONTPELIER","OH","43543","MarketplaceFacilitator","33.99","2.46","0","0","0","0","0","0","0","0","-2.46","-5.10","-6.21","0","0","22.68"
"Mar 18, 2025 7:20:37 AM PDT","23186323761","Order","S01-9941822-0558051","X8-VCXU-74WN","YOBTOP 1000g UV Resin, Upgraded UV Resin Kit with Fast Curing Crystal Clear High Gloss Odourless Low Viscosity Hard Type UV Epoxy Resin for DIY Jewelry Making Casting and Coating Craft","1","sim1.stores.amazon.com","Amazon","ARKDALE","WI","54613","","0","0","0","0","0","0","0","0","0","0","0","0","-11.34","0","0","-11.34"
"Mar 18, 2025 2:21:58 PM PDT","23186323761","Order","S01-6725714-6624419","X8-VCXU-74WN","YOBTOP 1000g UV Resin, Upgraded UV Resin Kit with Fast Curing Crystal Clear High Gloss Odourless Low Viscosity Hard Type UV Epoxy Resin for DIY Jewelry Making Casting and Coating Craft","1","sim1.stores.amazon.com","Amazon","MIAMI","FL","33173","","0","0","0","0","0","0","0","0","0","0","0","0","-11.34","0","0","-11.34"
"Mar 18, 2025 7:23:43 PM PDT","23186323761","Order","S01-9993065-2767629","51-MQ61-6SU7","YOBTOP Epoxy Resin 80oz Epoxy Resin Kit Crystal Clear High Gloss Self Leveling Bubble Free Not Yellowing Easy to Mix 1:1 for Coating & Casting, DIY Crafts, Jewelry Making, Table Top, River Table","1","sim1.stores.amazon.com","Amazon","TIVERTON","RI","02878","","0","0","0","0","0","0","0","0","0","0","0","0","-14.06","0","0","-14.06"
"Mar 18, 2025 7:47:42 PM PDT","23186323761","Order","S01-3462059-0529258","X8-VCXU-74WN","YOBTOP 1000g UV Resin, Upgraded UV Resin Kit with Fast Curing Crystal Clear High Gloss Odourless Low Viscosity Hard Type UV Epoxy Resin for DIY Jewelry Making Casting and Coating Craft","2","sim1.stores.amazon.com","Amazon","MOUNTAIN HOME","UT","84051","","0","0","0","0","0","0","0","0","0","0","0","0","-15.70","0","0","-15.70"
"Mar 18, 2025 10:14:25 PM PDT","23186323761","Order","S01-1914726-8318823","X8-VCXU-74WN","YOBTOP 1000g UV Resin, Upgraded UV Resin Kit with Fast Curing Crystal Clear High Gloss Odourless Low Viscosity Hard Type UV Epoxy Resin for DIY Jewelry Making Casting and Coating Craft","1","sim1.stores.amazon.com","Amazon","PARAGOULD","AR","72450","","0","0","0","0","0","0","0","0","0","0","0","0","-11.34","0","0","-11.34"
"Mar 19, 2025 1:01:41 AM PDT","23186323761","Order","113-6303894-5969807","7Z-MGKR-201D","Epoxy Resin 2 Gallon Kit - Crystal Clear, Bubble Free, Food Safe & Fast Curing for Coating, Casting, Table Top, Countertop, Wood, Jewelry, DIY, Tumble","1","amazon.com","Amazon","Gardiner","MT","59030","","94.79","0","0","0","0","0","0","0","0","0","0","-14.22","-12.20","0","0","68.37"
"Mar 19, 2025 2:33:22 AM PDT","23186323761","Order","113-6303894-5969807","7Z-MGKR-201D","Epoxy Resin 2 Gallon Kit - Crystal Clear, Bubble Free, Food Safe & Fast Curing for Coating, Casting, Table Top, Countertop, Wood, Jewelry, DIY, Tumble","1","amazon.com","Amazon","Gardiner","MT","59030","","94.79","0","0","0","0","0","0","0","0","0","0","-14.22","-12.20","0","0","68.37"
"Mar 19, 2025 4:05:13 AM PDT","23186323761","Order","113-2226474-6804220","X8-VCXU-74WN","YOBTOP 1000g UV Resin, Upgraded UV Resin Kit with Fast Curing Crystal Clear High Gloss Odourless Low Viscosity Hard Type UV Epoxy Resin for DIY Jewelr","1","amazon.com","Amazon","CHESTERTON","IN","46304","MarketplaceFacilitator","33.99","2.38","0","0","0","0","0","0","0","0","-2.38","-5.10","-6.21","0","0","22.68"
"Mar 19, 2025 4:44:29 AM PDT","23186323761","Order","S01-5302043-8710808","70-6SRD-PN1Y","YOBTOP Epoxy Resin 32oz Epoxy Resin Kit Crystal Clear High Gloss Self Leveling Bubble Free Not Yellowing Easy to Mix 1:1 for Coating & Casting, DIY Crafts, Jewelry Making, Table Top, River Table","1","sim1.stores.amazon.com","Amazon","IRVINE","CA","92612","","0","0","0","0","0","0","0","0","0","0","0","0","-11.34","0","0","-11.34"
"Mar 19, 2025 12:15:49 PM PDT","23186323761","Order","114-7059163-5014625","OX-S8RX-8DDW","Epoxy Resin Kit 1 Gallon,Crystal Clear Casting Table Top Epoxy Resin,Bubble Free & Fast Curing Resin for Countertop, Wood,Jewelry,DIY, Tumblers,Art,Re","1","amazon.com","Amazon","Las vegas","Nevada","89104","MarketplaceFacilitator","57.05","4.78","0","0","0","0","0","0","0","0","-4.78","-8.56","-9.16","0","0","39.33"
"Mar 19, 2025 9:36:07 PM PDT","23186323761","Order","S01-6292142-6935634","X8-VCXU-74WN","YOBTOP 1000g UV Resin, Upgraded UV Resin Kit with Fast Curing Crystal Clear High Gloss Odourless Low Viscosity Hard Type UV Epoxy Resin for DIY Jewelry Making Casting and Coating Craft","1","sim1.stores.amazon.com","Amazon","BOONE","IA","50036","","0","0","0","0","0","0","0","0","0","0","0","0","-11.34","0","0","-11.34"
"Mar 19, 2025 10:09:53 PM PDT","23186323761","Order","S01-3921764-7808429","X8-VCXU-74WN","YOBTOP 1000g UV Resin, Upgraded UV Resin Kit with Fast Curing Crystal Clear High Gloss Odourless Low Viscosity Hard Type UV Epoxy Resin for DIY Jewelry Making Casting and Coating Craft","1","sim1.stores.amazon.com","Amazon","Paragould","AR","72450","","0","0","0","0","0","0","0","0","0","0","0","0","-11.34","0","0","-11.34"
"Mar 20, 2025 12:43:09 AM PDT","23186323761","Order","S01-9964754-8066840","X8-VCXU-74WN","YOBTOP 1000g UV Resin, Upgraded UV Resin Kit with Fast Curing Crystal Clear High Gloss Odourless Low Viscosity Hard Type UV Epoxy Resin for DIY Jewelry Making Casting and Coating Craft","1","sim1.stores.amazon.com","Amazon","HAVRE","MT","59501","","0","0","0","0","0","0","0","0","0","0","0","0","-11.34","0","0","-11.34"
"Mar 20, 2025 4:04:40 AM PDT","23186323761","Order","S01-5622366-9702036","X8-VCXU-74WN","YOBTOP 1000g UV Resin, Upgraded UV Resin Kit with Fast Curing Crystal Clear High Gloss Odourless Low Viscosity Hard Type UV Epoxy Resin for DIY Jewelry Making Casting and Coating Craft","1","sim1.stores.amazon.com","Amazon","WEST JORDAN","UT","84084","","0","0","0","0","0","0","0","0","0","0","0","0","-11.34","0","0","-11.34"
"Mar 20, 2025 8:00:33 AM PDT","23186323761","Order","S01-0716106-6894062","X8-VCXU-74WN","YOBTOP 1000g UV Resin, Upgraded UV Resin Kit with Fast Curing Crystal Clear High Gloss Odourless Low Viscosity Hard Type UV Epoxy Resin for DIY Jewelry Making Casting and Coating Craft","1","sim1.stores.amazon.com","Amazon","BLOOMINGTON","IN","47403","","0","0","0","0","0","0","0","0","0","0","0","0","-11.34","0","0","-11.34"
"Mar 20, 2025 8:47:15 AM PDT","23186323761","Order","S01-1275033-9372417","X8-VCXU-74WN","YOBTOP 1000g UV Resin, Upgraded UV Resin Kit with Fast Curing Crystal Clear High Gloss Odourless Low Viscosity Hard Type UV Epoxy Resin for DIY Jewelry Making Casting and Coating Craft","1","sim1.stores.amazon.com","Amazon","WYANDANCH","NY","11798","","0","0","0","0","0","0","0","0","0","0","0","0","-11.34","0","0","-11.34"
"Mar 20, 2025 11:58:35 AM PDT","23186323761","Order","S01-2508557-2614060","X8-VCXU-74WN","YOBTOP 1000g UV Resin, Upgraded UV Resin Kit with Fast Curing Crystal Clear High Gloss Odourless Low Viscosity Hard Type UV Epoxy Resin for DIY Jewelry Making Casting and Coating Craft","1","sim1.stores.amazon.com","Amazon","REDMOND","OR","97756","","0","0","0","0","0","0","0","0","0","0","0","0","-11.34","0","0","-11.34"
"Mar 20, 2025 12:41:37 PM PDT","23186323761","Order","S01-4668594-4671667","X8-VCXU-74WN","YOBTOP 1000g UV Resin, Upgraded UV Resin Kit with Fast Curing Crystal Clear High Gloss Odourless Low Viscosity Hard Type UV Epoxy Resin for DIY Jewelry Making Casting and Coating Craft","1","sim1.stores.amazon.com","Amazon","CITRUS HEIGHTS","CA","95610","","0","0","0","0","0","0","0","0","0","0","0","0","-11.34","0","0","-11.34"
"Mar 20, 2025 3:23:02 PM PDT","23186323761","Order","S01-0522891-4818006","X8-VCXU-74WN","YOBTOP 1000g UV Resin, Upgraded UV Resin Kit with Fast Curing Crystal Clear High Gloss Odourless Low Viscosity Hard Type UV Epoxy Resin for DIY Jewelry Making Casting and Coating Craft","1","sim1.stores.amazon.com","Amazon","SARALAND","AL","36571","","0","0","0","0","0","0","0","0","0","0","0","0","-11.34","0","0","-11.34"
"Mar 20, 2025 11:22:27 PM PDT","23258467421","Order","112-3371461-5263461","X8-VCXU-74WN","YOBTOP 1000g UV Resin, Upgraded UV Resin Kit with Fast Curing Crystal Clear High Gloss Odourless Low Viscosity Hard Type UV Epoxy Resin for DIY Jewelr","1","amazon.com","Amazon","HANFORD","CA","93230","MarketplaceFacilitator","27.19","1.77","0","0","0","0","0","0","-2.72","0","-1.77","-3.67","-6.21","0","0","14.59"
"Mar 21, 2025 3:33:34 AM PDT","23258467421","Order","112-0684278-9329021","OX-S8RX-8DDW","Epoxy Resin Kit 1 Gallon,Crystal Clear Casting Table Top Epoxy Resin,Bubble Free & Fast Curing Resin for Countertop, Wood,Jewelry,DIY, Tumblers,Art,Re","1","amazon.com","Amazon","WAIPAHU","HI","96797","MarketplaceFacilitator","49.99","2.12","0","0","0","0","0","0","-5.00","0","-2.12","-6.75","-9.16","0","0","29.08"
"Mar 21, 2025 4:21:52 AM PDT","23258467421","Order","112-4123120-3381842","X8-VCXU-74WN","YOBTOP 1000g UV Resin, Upgraded UV Resin Kit with Fast Curing Crystal Clear High Gloss Odourless Low Viscosity Hard Type UV Epoxy Resin for DIY Jewelr","1","amazon.com","Amazon","ANCHORAGE","AK","99508","MarketplaceFacilitator","33.99","0","0","0","0","0","0","0","0","0","0","-5.10","-6.21","0","0","22.68"
"Mar 21, 2025 9:22:15 AM PDT","23258467421","Order","S01-9406105-6750013","70-6SRD-PN1Y","YOBTOP Epoxy Resin 32oz Epoxy Resin Kit Crystal Clear High Gloss Self Leveling Bubble Free Not Yellowing Easy to Mix 1:1 for Coating & Casting, DIY Crafts, Jewelry Making, Table Top, River Table","1","sim1.stores.amazon.com","Amazon","BARNESVILLE","GA","30204","","0","0","0","0","0","0","0","0","0","0","0","0","-11.34","0","0","-11.34"
"Mar 21, 2025 12:23:49 PM PDT","23258467421","Order","S01-2147466-6126810","X8-VCXU-74WN","YOBTOP 1000g UV Resin, Upgraded UV Resin Kit with Fast Curing Crystal Clear High Gloss Odourless Low Viscosity Hard Type UV Epoxy Resin for DIY Jewelry Making Casting and Coating Craft","1","sim1.stores.amazon.com","Amazon","DEAVER","WY","82421","","0","0","0","0","0","0","0","0","0","0","0","0","-11.34","0","0","-11.34"
"Mar 21, 2025 1:03:39 PM PDT","23258467421","Order","S01-3134341-0596438","X8-VCXU-74WN","YOBTOP 1000g UV Resin, Upgraded UV Resin Kit with Fast Curing Crystal Clear High Gloss Odourless Low Viscosity Hard Type UV Epoxy Resin for DIY Jewelry Making Casting and Coating Craft","1","sim1.stores.amazon.com","Amazon","POST FALLS","ID","83854","","0","0","0","0","0","0","0","0","0","0","0","0","-11.34","0","0","-11.34"
"Mar 21, 2025 2:06:43 PM PDT","23258467421","Order","S01-6113405-2578837","X8-VCXU-74WN","YOBTOP 1000g UV Resin, Upgraded UV Resin Kit with Fast Curing Crystal Clear High Gloss Odourless Low Viscosity Hard Type UV Epoxy Resin for DIY Jewelry Making Casting and Coating Craft","1","sim1.stores.amazon.com","Amazon","EL CENTRO","CA","92243","","0","0","0","0","0","0","0","0","0","0","0","0","-11.34","0","0","-11.34"
"Mar 21, 2025 6:15:39 PM PDT","23258467421","Order","S01-3271546-4102858","X8-VCXU-74WN","YOBTOP 1000g UV Resin, Upgraded UV Resin Kit with Fast Curing Crystal Clear High Gloss Odourless Low Viscosity Hard Type UV Epoxy Resin for DIY Jewelry Making Casting and Coating Craft","1","sim1.stores.amazon.com","Amazon","SUITLAND","MD","20746","","0","0","0","0","0","0","0","0","0","0","0","0","-11.34","0","0","-11.34"
"Mar 21, 2025 9:49:07 PM PDT","23258467421","Order","S01-5026754-9314019","X8-VCXU-74WN","YOBTOP 1000g UV Resin, Upgraded UV Resin Kit with Fast Curing Crystal Clear High Gloss Odourless Low Viscosity Hard Type UV Epoxy Resin for DIY Jewelry Making Casting and Coating Craft","1","sim1.stores.amazon.com","Amazon","FOND DU LAC","WI","54937","","0","0","0","0","0","0","0","0","0","0","0","0","-11.34","0","0","-11.34"
"Mar 21, 2025 11:45:48 PM PDT","23258467421","Order","S01-8380408-8546829","X8-VCXU-74WN","YOBTOP 1000g UV Resin, Upgraded UV Resin Kit with Fast Curing Crystal Clear High Gloss Odourless Low Viscosity Hard Type UV Epoxy Resin for DIY Jewelry Making Casting and Coating Craft","1","sim1.stores.amazon.com","Amazon","TURLOCK","CA","95380","","0","0","0","0","0","0","0","0","0","0","0","0","-11.34","0","0","-11.34"
"Mar 22, 2025 12:53:57 AM PDT","23258467421","Order","S01-5787416-6922849","X8-VCXU-74WN","YOBTOP 1000g UV Resin, Upgraded UV Resin Kit with Fast Curing Crystal Clear High Gloss Odourless Low Viscosity Hard Type UV Epoxy Resin for DIY Jewelry Making Casting and Coating Craft","1","sim1.stores.amazon.com","Amazon","GRANT","FL","32949","","0","0","0","0","0","0","0","0","0","0","0","0","-11.34","0","0","-11.34"
"Mar 22, 2025 4:38:48 AM PDT","23258467421","Order","S01-1896208-2113213","X8-VCXU-74WN","YOBTOP 1000g UV Resin, Upgraded UV Resin Kit with Fast Curing Crystal Clear High Gloss Odourless Low Viscosity Hard Type UV Epoxy Resin for DIY Jewelry Making Casting and Coating Craft","1","sim1.stores.amazon.com","Amazon","LOGAN","OH","43138","","0","0","0","0","0","0","0","0","0","0","0","0","-11.34","0","0","-11.34"
"Mar 22, 2025 8:50:14 AM PDT","23258467421","Order","114-8012626-1277054","OX-S8RX-8DDW","Epoxy Resin Kit 1 Gallon,Crystal Clear Casting Table Top Epoxy Resin,Bubble Free & Fast Curing Resin for Countertop, Wood,Jewelry,DIY, Tumblers,Art,Re","1","amazon.com","Amazon","Del Mar","CA","92014","MarketplaceFacilitator","57.05","4.42","0","0","0","0","0","0","0","0","-4.42","-8.56","-9.16","0","0","39.33"
"Mar 22, 2025 11:16:13 AM PDT","23258467421","Service Fee","FBA18P7F3062","","FBA Inbound Placement Service Fee","","Amazon.com","","","","","","0","0","0","0","0","0","0","0","0","0","0","0","0","0","-136.00","-136.00"
"Mar 22, 2025 12:09:04 PM PDT","23258467421","Order","S01-0774631-2265232","X8-VCXU-74WN","YOBTOP 1000g UV Resin, Upgraded UV Resin Kit with Fast Curing Crystal Clear High Gloss Odourless Low Viscosity Hard Type UV Epoxy Resin for DIY Jewelry Making Casting and Coating Craft","1","sim1.stores.amazon.com","Amazon","LUDINGTON","MI","49431","","0","0","0","0","0","0","0","0","0","0","0","0","-11.34","0","0","-11.34"
"Mar 22, 2025 2:30:04 PM PDT","23258467421","Order","S01-4189025-5067604","X8-VCXU-74WN","YOBTOP 1000g UV Resin, Upgraded UV Resin Kit with Fast Curing Crystal Clear High Gloss Odourless Low Viscosity Hard Type UV Epoxy Resin for DIY Jewelry Making Casting and Coating Craft","1","sim1.stores.amazon.com","Amazon","SANDSTON","VA","23150","","0","0","0","0","0","0","0","0","0","0","0","0","-11.34","0","0","-11.34"
"Mar 22, 2025 10:07:19 PM PDT","23258467421","Order","S01-4077832-8148420","X8-VCXU-74WN","YOBTOP 1000g UV Resin, Upgraded UV Resin Kit with Fast Curing Crystal Clear High Gloss Odourless Low Viscosity Hard Type UV Epoxy Resin for DIY Jewelry Making Casting and Coating Craft","1","sim1.stores.amazon.com","Amazon","ELIZABETH","IN","47117","","0","0","0","0","0","0","0","0","0","0","0","0","-11.34","0","0","-11.34"
"Mar 22, 2025 11:49:18 PM PDT","23258467421","Order","S01-9054565-4996447","X8-VCXU-74WN","YOBTOP 1000g UV Resin, Upgraded UV Resin Kit with Fast Curing Crystal Clear High Gloss Odourless Low Viscosity Hard Type UV Epoxy Resin for DIY Jewelry Making Casting and Coating Craft","1","sim1.stores.amazon.com","Amazon","HAMILTON","MO","64644","","0","0","0","0","0","0","0","0","0","0","0","0","-11.34","0","0","-11.34"
"Mar 22, 2025 11:50:18 PM PDT","23258467421","Order","S01-4741261-4896453","X8-VCXU-74WN","YOBTOP 1000g UV Resin, Upgraded UV Resin Kit with Fast Curing Crystal Clear High Gloss Odourless Low Viscosity Hard Type UV Epoxy Resin for DIY Jewelry Making Casting and Coating Craft","1","sim1.stores.amazon.com","Amazon","COLDWATER","OH","45828","","0","0","0","0","0","0","0","0","0","0","0","0","-11.34","0","0","-11.34"
"Mar 23, 2025 7:06:44 AM PDT","23258467421","Order","S01-4315734-5649263","X8-VCXU-74WN","YOBTOP 1000g UV Resin, Upgraded UV Resin Kit with Fast Curing Crystal Clear High Gloss Odourless Low Viscosity Hard Type UV Epoxy Resin for DIY Jewelry Making Casting and Coating Craft","1","sim1.stores.amazon.com","Amazon","CHICAGO","IL","60656","","0","0","0","0","0","0","0","0","0","0","0","0","-11.34","0","0","-11.34"
"Mar 23, 2025 11:02:14 AM PDT","23258467421","Order","S01-3943296-4210804","X8-VCXU-74WN","YOBTOP 1000g UV Resin, Upgraded UV Resin Kit with Fast Curing Crystal Clear High Gloss Odourless Low Viscosity Hard Type UV Epoxy Resin for DIY Jewelry Making Casting and Coating Craft","1","sim1.stores.amazon.com","Amazon","TURLOCK","CA","95380","","0","0","0","0","0","0","0","0","0","0","0","0","-11.34","0","0","-11.34"
"Mar 23, 2025 3:18:39 PM PDT","23258467421","Order","114-0315637-4367424","OX-S8RX-8DDW","Epoxy Resin Kit 1 Gallon,Crystal Clear Casting Table Top Epoxy Resin,Bubble Free & Fast Curing Resin for Countertop, Wood,Jewelry,DIY, Tumblers,Art,Re","1","amazon.com","Amazon","BATON ROUGE","LA","70817","MarketplaceFacilitator","57.05","5.99","0","0","0","0","0","0","0","0","-5.99","-8.56","-9.16","0","0","39.33"
"Mar 23, 2025 3:21:50 PM PDT","23258467421","Order","S01-1492153-8750827","X8-VCXU-74WN","YOBTOP 1000g UV Resin, Upgraded UV Resin Kit with Fast Curing Crystal Clear High Gloss Odourless Low Viscosity Hard Type UV Epoxy Resin for DIY Jewelry Making Casting and Coating Craft","1","sim1.stores.amazon.com","Amazon","STARKVILLE","MS","39759","","0","0","0","0","0","0","0","0","0","0","0","0","-11.34","0","0","-11.34"
"Mar 24, 2025 4:55:40 AM PDT","23258467421","Transfer","","","To your account ending in: 676, Bank Transfer ID: 10XQFJN8EISQ0O9","","","","","","","","0","0","0","0","0","0","0","0","0","0","0","0","0","0","-11.90","-11.90"
"Mar 24, 2025 10:25:28 AM PDT","23258467421","Order","S01-2466674-7881246","X8-VCXU-74WN","YOBTOP 1000g UV Resin, Upgraded UV Resin Kit with Fast Curing Crystal Clear High Gloss Odourless Low Viscosity Hard Type UV Epoxy Resin for DIY Jewelry Making Casting and Coating Craft","1","sim1.stores.amazon.com","Amazon","GREENVILLE","IL","62246","","0","0","0","0","0","0","0","0","0","0","0","0","-11.34","0","0","-11.34"
"Mar 24, 2025 2:22:56 PM PDT","23258467421","Order","S01-9075422-8613269","X8-VCXU-74WN","YOBTOP 1000g UV Resin, Upgraded UV Resin Kit with Fast Curing Crystal Clear High Gloss Odourless Low Viscosity Hard Type UV Epoxy Resin for DIY Jewelry Making Casting and Coating Craft","1","sim1.stores.amazon.com","Amazon","WEST JORDAN","UT","84084","","0","0","0","0","0","0","0","0","0","0","0","0","-11.34","0","0","-11.34"
"Mar 24, 2025 6:19:48 PM PDT","23258467421","Order","S01-5417285-5373227","X8-VCXU-74WN","YOBTOP 1000g UV Resin, Upgraded UV Resin Kit with Fast Curing Crystal Clear High Gloss Odourless Low Viscosity Hard Type UV Epoxy Resin for DIY Jewelry Making Casting and Coating Craft","1","sim1.stores.amazon.com","Amazon","LEWISTOWN","MO","63452","","0","0","0","0","0","0","0","0","0","0","0","0","-11.34","0","0","-11.34"
"Mar 24, 2025 9:51:50 PM PDT","23258467421","Order","S01-0694644-0978826","X8-VCXU-74WN","YOBTOP 1000g UV Resin, Upgraded UV Resin Kit with Fast Curing Crystal Clear High Gloss Odourless Low Viscosity Hard Type UV Epoxy Resin for DIY Jewelry Making Casting and Coating Craft","1","sim1.stores.amazon.com","Amazon","TAMPA","FL","33603","","0","0","0","0","0","0","0","0","0","0","0","0","-11.34","0","0","-11.34"
"Mar 25, 2025 2:11:09 AM PDT","23258467421","Order","S01-7548848-3992453","X8-VCXU-74WN","YOBTOP 1000g UV Resin, Upgraded UV Resin Kit with Fast Curing Crystal Clear High Gloss Odourless Low Viscosity Hard Type UV Epoxy Resin for DIY Jewelry Making Casting and Coating Craft","1","sim1.stores.amazon.com","Amazon","OSTEEN","FL","32764","","0","0","0","0","0","0","0","0","0","0","0","0","-11.34","0","0","-11.34"
"Mar 25, 2025 3:50:49 AM PDT","23258467421","Order","114-7443240-3330653","OX-S8RX-8DDW","Epoxy Resin Kit 1 Gallon,Crystal Clear Casting Table Top Epoxy Resin,Bubble Free & Fast Curing Resin for Countertop, Wood,Jewelry,DIY, Tumblers,Art,Re","1","amazon.com","Amazon","BAYONNE","NJ","07002","MarketplaceFacilitator","57.05","3.78","0","0","0","0","0","0","0","0","-3.78","-8.56","-9.16","0","0","39.33"
"Mar 25, 2025 6:34:20 AM PDT","23258467421","Order","S01-5793746-1373255","X8-VCXU-74WN","YOBTOP 1000g UV Resin, Upgraded UV Resin Kit with Fast Curing Crystal Clear High Gloss Odourless Low Viscosity Hard Type UV Epoxy Resin for DIY Jewelry Making Casting and Coating Craft","1","sim1.stores.amazon.com","Amazon","PARMA HEIGHTS","OH","44130","","0","0","0","0","0","0","0","0","0","0","0","0","-11.34","0","0","-11.34"
"Mar 25, 2025 6:34:47 AM PDT","23258467421","Order","S01-8150608-9441247","X8-VCXU-74WN","YOBTOP 1000g UV Resin, Upgraded UV Resin Kit with Fast Curing Crystal Clear High Gloss Odourless Low Viscosity Hard Type UV Epoxy Resin for DIY Jewelry Making Casting and Coating Craft","1","sim1.stores.amazon.com","Amazon","JUNCTION CITY","OR","97448","","0","0","0","0","0","0","0","0","0","0","0","0","-11.34","0","0","-11.34"
"Mar 25, 2025 9:34:32 AM PDT","23258467421","Order","S01-1328612-9642055","X8-VCXU-74WN","YOBTOP 1000g UV Resin, Upgraded UV Resin Kit with Fast Curing Crystal Clear High Gloss Odourless Low Viscosity Hard Type UV Epoxy Resin for DIY Jewelry Making Casting and Coating Craft","1","sim1.stores.amazon.com","Amazon","BOONE","NC","28607","","0","0","0","0","0","0","0","0","0","0","0","0","-11.34","0","0","-11.34"
"Mar 25, 2025 11:23:27 AM PDT","23258467421","Order","S01-3567273-2226061","X8-VCXU-74WN","YOBTOP 1000g UV Resin, Upgraded UV Resin Kit with Fast Curing Crystal Clear High Gloss Odourless Low Viscosity Hard Type UV Epoxy Resin for DIY Jewelry Making Casting and Coating Craft","1","sim1.stores.amazon.com","Amazon","INDEPENDENCE","MO","64050","","0","0","0","0","0","0","0","0","0","0","0","0","-11.34","0","0","-11.34"
"Mar 25, 2025 4:46:28 PM PDT","23258467421","Order","S01-5869555-7928435","X8-VCXU-74WN","YOBTOP 1000g UV Resin, Upgraded UV Resin Kit with Fast Curing Crystal Clear High Gloss Odourless Low Viscosity Hard Type UV Epoxy Resin for DIY Jewelry Making Casting and Coating Craft","1","sim1.stores.amazon.com","Amazon","REDONDO BEACH","CA","90277","","0","0","0","0","0","0","0","0","0","0","0","0","-11.34","0","0","-11.34"
"Mar 25, 2025 6:33:50 PM PDT","23258467421","Order","S01-6939977-2645243","X8-VCXU-74WN","YOBTOP 1000g UV Resin, Upgraded UV Resin Kit with Fast Curing Crystal Clear High Gloss Odourless Low Viscosity Hard Type UV Epoxy Resin for DIY Jewelry Making Casting and Coating Craft","1","sim1.stores.amazon.com","Amazon","RENTON","WA","98058","","0","0","0","0","0","0","0","0","0","0","0","0","-11.34","0","0","-11.34"
"Mar 26, 2025 10:19:50 AM PDT","23258467421","Order","S01-9773666-6158033","X8-VCXU-74WN","YOBTOP 1000g UV Resin, Upgraded UV Resin Kit with Fast Curing Crystal Clear High Gloss Odourless Low Viscosity Hard Type UV Epoxy Resin for DIY Jewelry Making Casting and Coating Craft","1","sim1.stores.amazon.com","Amazon","PRESCOTT VALLEY","AZ","86314","","0","0","0","0","0","0","0","0","0","0","0","0","-11.34","0","0","-11.34"
"Mar 26, 2025 11:10:39 AM PDT","23258467421","Order","S01-4990384-1804424","X8-VCXU-74WN","YOBTOP 1000g UV Resin, Upgraded UV Resin Kit with Fast Curing Crystal Clear High Gloss Odourless Low Viscosity Hard Type UV Epoxy Resin for DIY Jewelry Making Casting and Coating Craft","1","sim1.stores.amazon.com","Amazon","LEWISTON","ID","83501","","0","0","0","0","0","0","0","0","0","0","0","0","-11.34","0","0","-11.34"
"Mar 27, 2025 12:40:48 AM PDT","23258467421","Order","S01-7868634-5585234","X8-VCXU-74WN","YOBTOP 1000g UV Resin, Upgraded UV Resin Kit with Fast Curing Crystal Clear High Gloss Odourless Low Viscosity Hard Type UV Epoxy Resin for DIY Jewelry Making Casting and Coating Craft","1","sim1.stores.amazon.com","Amazon","LOGANSPORT","IN","46947","","0","0","0","0","0","0","0","0","0","0","0","0","-11.34","0","0","-11.34"
"Mar 27, 2025 9:22:02 AM PDT","23258467421","Order","114-3960080-7157039","ZS-DGQY-G4LL","YOBTOP 1.5 Gallon Deep Pour Epoxy Resin Kit, Crystal Clear, High-Gloss, Low Odor, 2:1 Casting Resin for DIY Molds, Wood River Table, Bar Top","2","amazon.com","Amazon","MAGNOLIA","TX","77354","MarketplaceFacilitator","159.98","11.60","0","0","0","0","0","0","0","0","-11.60","-24.00","-21.84","0","0","114.14"
"Mar 27, 2025 9:29:11 AM PDT","23258467421","Order","S01-2548927-1052438","X8-VCXU-74WN","YOBTOP 1000g UV Resin, Upgraded UV Resin Kit with Fast Curing Crystal Clear High Gloss Odourless Low Viscosity Hard Type UV Epoxy Resin for DIY Jewelry Making Casting and Coating Craft","1","sim1.stores.amazon.com","Amazon","CLAY CITY","KY","40312","","0","0","0","0","0","0","0","0","0","0","0","0","-11.34","0","0","-11.34"
"Mar 27, 2025 9:29:43 AM PDT","23258467421","Order","S01-6112307-8370003","X8-VCXU-74WN","YOBTOP 1000g UV Resin, Upgraded UV Resin Kit with Fast Curing Crystal Clear High Gloss Odourless Low Viscosity Hard Type UV Epoxy Resin for DIY Jewelry Making Casting and Coating Craft","1","sim1.stores.amazon.com","Amazon","BRUNSWICK","GA","31523","","0","0","0","0","0","0","0","0","0","0","0","0","-11.34","0","0","-11.34"
"Mar 27, 2025 9:30:15 AM PDT","23258467421","Order","S01-0489821-8671600","X8-VCXU-74WN","YOBTOP 1000g UV Resin, Upgraded UV Resin Kit with Fast Curing Crystal Clear High Gloss Odourless Low Viscosity Hard Type UV Epoxy Resin for DIY Jewelry Making Casting and Coating Craft","1","sim1.stores.amazon.com","Amazon","SANFORD","FL","32771","","0","0","0","0","0","0","0","0","0","0","0","0","-11.34","0","0","-11.34"
"Mar 27, 2025 3:06:49 PM PDT","23258467421","Order","S01-5747054-4658068","X8-VCXU-74WN","YOBTOP 1000g UV Resin, Upgraded UV Resin Kit with Fast Curing Crystal Clear High Gloss Odourless Low Viscosity Hard Type UV Epoxy Resin for DIY Jewelry Making Casting and Coating Craft","1","sim1.stores.amazon.com","Amazon","ELFRIDA","AZ","85610","","0","0","0","0","0","0","0","0","0","0","0","0","-11.34","0","0","-11.34"
"Mar 27, 2025 5:05:05 PM PDT","23258467421","Order","S01-0825654-7581224","X8-VCXU-74WN","YOBTOP 1000g UV Resin, Upgraded UV Resin Kit with Fast Curing Crystal Clear High Gloss Odourless Low Viscosity Hard Type UV Epoxy Resin for DIY Jewelry Making Casting and Coating Craft","1","sim1.stores.amazon.com","Amazon","LINDENWOLD","NJ","08021","","0","0","0","0","0","0","0","0","0","0","0","0","-11.34","0","0","-11.34"
"Mar 27, 2025 6:16:28 PM PDT","23258467421","Order","S01-6055929-3031622","X8-VCXU-74WN","YOBTOP 1000g UV Resin, Upgraded UV Resin Kit with Fast Curing Crystal Clear High Gloss Odourless Low Viscosity Hard Type UV Epoxy Resin for DIY Jewelry Making Casting and Coating Craft","1","sim1.stores.amazon.com","Amazon","TORRANCE","CA","90501","","0","0","0","0","0","0","0","0","0","0","0","0","-11.34","0","0","-11.34"
"Mar 27, 2025 10:01:53 PM PDT","23258467421","Order","114-1467362-3317865","X8-VCXU-74WN","YOBTOP 1000g UV Resin, Upgraded UV Resin Kit with Fast Curing Crystal Clear High Gloss Odourless Low Viscosity Hard Type UV Epoxy Resin for DIY Jewelr","1","amazon.com","Amazon","FORT MORGAN","CO","80701","MarketplaceFacilitator","33.99","2.35","0","0","0","0","0","0","0","0","-2.35","-5.10","-6.21","0","0","22.68"
"Mar 28, 2025 9:16:06 AM PDT","23258467421","Order","S01-1592253-0605243","X8-VCXU-74WN","YOBTOP 1000g UV Resin, Upgraded UV Resin Kit with Fast Curing Crystal Clear High Gloss Odourless Low Viscosity Hard Type UV Epoxy Resin for DIY Jewelry Making Casting and Coating Craft","1","sim1.stores.amazon.com","Amazon","INDIAN WELLS","CA","92210","","0","0","0","0","0","0","0","0","0","0","0","0","-11.34","0","0","-11.34"
"Mar 28, 2025 5:27:56 PM PDT","23258467421","Order","114-9161616-0843419","X8-VCXU-74WN","YOBTOP 1000g UV Resin, Upgraded UV Resin Kit with Fast Curing Crystal Clear High Gloss Odourless Low Viscosity Hard Type UV Epoxy Resin for DIY Jewelr","1","amazon.com","Amazon","PORT CHARLOTTE","FL","33981","MarketplaceFacilitator","33.99","2.38","0","0","0","0","0","0","0","0","-2.38","-5.10","-6.21","0","0","22.68"
"Mar 28, 2025 6:23:48 PM PDT","23258467421","Order","S01-9380611-9661230","X8-VCXU-74WN","YOBTOP 1000g UV Resin, Upgraded UV Resin Kit with Fast Curing Crystal Clear High Gloss Odourless Low Viscosity Hard Type UV Epoxy Resin for DIY Jewelry Making Casting and Coating Craft","1","sim1.stores.amazon.com","Amazon","WOODBRIDGE","VA","22193","","0","0","0","0","0","0","0","0","0","0","0","0","-11.34","0","0","-11.34"
"Mar 28, 2025 9:33:53 PM PDT","23258467421","Order","S01-1220050-1002805","X8-VCXU-74WN","YOBTOP 1000g UV Resin, Upgraded UV Resin Kit with Fast Curing Crystal Clear High Gloss Odourless Low Viscosity Hard Type UV Epoxy Resin for DIY Jewelry Making Casting and Coating Craft","1","sim1.stores.amazon.com","Amazon","INVERNESS","FL","34453","","0","0","0","0","0","0","0","0","0","0","0","0","-11.34","0","0","-11.34"
"Mar 28, 2025 11:58:32 PM PDT","23258467421","Order","S01-9812688-4581254","X8-VCXU-74WN","YOBTOP 1000g UV Resin, Upgraded UV Resin Kit with Fast Curing Crystal Clear High Gloss Odourless Low Viscosity Hard Type UV Epoxy Resin for DIY Jewelry Making Casting and Coating Craft","1","sim1.stores.amazon.com","Amazon","MAGNA","UT","84044","","0","0","0","0","0","0","0","0","0","0","0","0","-11.34","0","0","-11.34"
"Mar 29, 2025 9:12:38 AM PDT","23258467421","Order","S01-7837475-3910811","X8-VCXU-74WN","YOBTOP 1000g UV Resin, Upgraded UV Resin Kit with Fast Curing Crystal Clear High Gloss Odourless Low Viscosity Hard Type UV Epoxy Resin for DIY Jewelry Making Casting and Coating Craft","1","sim1.stores.amazon.com","Amazon","PITTSFIELD","MA","01201","","0","0","0","0","0","0","0","0","0","0","0","0","-11.34","0","0","-11.34"
"Mar 29, 2025 9:17:17 AM PDT","23258467421","Order","S01-5821863-5946802","X8-VCXU-74WN","YOBTOP 1000g UV Resin, Upgraded UV Resin Kit with Fast Curing Crystal Clear High Gloss Odourless Low Viscosity Hard Type UV Epoxy Resin for DIY Jewelry Making Casting and Coating Craft","1","sim1.stores.amazon.com","Amazon","NASHVILLE","TN","37228","","0","0","0","0","0","0","0","0","0","0","0","0","-11.34","0","0","-11.34"
"Mar 29, 2025 11:24:14 AM PDT","23258467421","Order","S01-8276881-4738868","X8-VCXU-74WN","YOBTOP 1000g UV Resin, Upgraded UV Resin Kit with Fast Curing Crystal Clear High Gloss Odourless Low Viscosity Hard Type UV Epoxy Resin for DIY Jewelry Making Casting and Coating Craft","1","sim1.stores.amazon.com","Amazon","LEHIGH ACRES","FL","33974","","0","0","0","0","0","0","0","0","0","0","0","0","-11.34","0","0","-11.34"
"Mar 29, 2025 11:24:29 AM PDT","23258467421","Order","S01-4292918-0715622","X8-VCXU-74WN","YOBTOP 1000g UV Resin, Upgraded UV Resin Kit with Fast Curing Crystal Clear High Gloss Odourless Low Viscosity Hard Type UV Epoxy Resin for DIY Jewelry Making Casting and Coating Craft","1","sim1.stores.amazon.com","Amazon","DUNDEE","MI","48131","","0","0","0","0","0","0","0","0","0","0","0","0","-11.34","0","0","-11.34"
"Mar 29, 2025 11:25:18 AM PDT","23258467421","Order","S01-9631145-2411619","X8-VCXU-74WN","YOBTOP 1000g UV Resin, Upgraded UV Resin Kit with Fast Curing Crystal Clear High Gloss Odourless Low Viscosity Hard Type UV Epoxy Resin for DIY Jewelry Making Casting and Coating Craft","1","sim1.stores.amazon.com","Amazon","WOODLAWN","TN","37191","","0","0","0","0","0","0","0","0","0","0","0","0","-11.34","0","0","-11.34"
"Mar 29, 2025 12:38:01 PM PDT","23258467421","Order","S01-9902805-2115666","X8-VCXU-74WN","YOBTOP 1000g UV Resin, Upgraded UV Resin Kit with Fast Curing Crystal Clear High Gloss Odourless Low Viscosity Hard Type UV Epoxy Resin for DIY Jewelry Making Casting and Coating Craft","3","sim1.stores.amazon.com","Amazon","MEDLEY","FL","33166","","0","0","0","0","0","0","0","0","0","0","0","0","-20.37","0","0","-20.37"
"Mar 29, 2025 2:00:03 PM PDT","23258467421","Order","S01-7983636-1932454","X8-VCXU-74WN","YOBTOP 1000g UV Resin, Upgraded UV Resin Kit with Fast Curing Crystal Clear High Gloss Odourless Low Viscosity Hard Type UV Epoxy Resin for DIY Jewelry Making Casting and Coating Craft","1","sim1.stores.amazon.com","Amazon","AMBLER","PA","19002","","0","0","0","0","0","0","0","0","0","0","0","0","-11.34","0","0","-11.34"
"Mar 29, 2025 2:28:02 PM PDT","23258467421","Order","S01-2220653-3286041","X8-VCXU-74WN","YOBTOP 1000g UV Resin, Upgraded UV Resin Kit with Fast Curing Crystal Clear High Gloss Odourless Low Viscosity Hard Type UV Epoxy Resin for DIY Jewelry Making Casting and Coating Craft","1","sim1.stores.amazon.com","Amazon","SPRING LAKE","MI","49456","","0","0","0","0","0","0","0","0","0","0","0","0","-11.34","0","0","-11.34"
"Mar 29, 2025 5:21:00 PM PDT","23258467421","Order","S01-2382076-2234822","X8-VCXU-74WN","YOBTOP 1000g UV Resin, Upgraded UV Resin Kit with Fast Curing Crystal Clear High Gloss Odourless Low Viscosity Hard Type UV Epoxy Resin for DIY Jewelry Making Casting and Coating Craft","1","sim1.stores.amazon.com","Amazon","MESA","AZ","85201","","0","0","0","0","0","0","0","0","0","0","0","0","-11.34","0","0","-11.34"
"Mar 29, 2025 9:48:36 PM PDT","23258467421","Order","S01-5091006-6578003","X8-VCXU-74WN","YOBTOP 1000g UV Resin, Upgraded UV Resin Kit with Fast Curing Crystal Clear High Gloss Odourless Low Viscosity Hard Type UV Epoxy Resin for DIY Jewelry Making Casting and Coating Craft","1","sim1.stores.amazon.com","Amazon","BONNEY LAKE","WA","98391","","0","0","0","0","0","0","0","0","0","0","0","0","-11.34","0","0","-11.34"
"Mar 30, 2025 12:20:47 AM PDT","23258467421","Order","114-5240569-2347465","OX-S8RX-8DDW","Epoxy Resin Kit 1 Gallon,Crystal Clear Casting Table Top Epoxy Resin,Bubble Free & Fast Curing Resin for Countertop, Wood,Jewelry,DIY, Tumblers,Art,Re","1","amazon.com","Amazon","KINGWOOD","TX","77345","MarketplaceFacilitator","57.05","4.71","0","0","0","0","0","0","0","0","-4.71","-8.56","-9.16","0","0","39.33"
"Mar 30, 2025 12:51:22 AM PDT","23258467421","Order","S01-3951402-7341200","X8-VCXU-74WN","YOBTOP 1000g UV Resin, Upgraded UV Resin Kit with Fast Curing Crystal Clear High Gloss Odourless Low Viscosity Hard Type UV Epoxy Resin for DIY Jewelry Making Casting and Coating Craft","1","sim1.stores.amazon.com","Amazon","HOMESTEAD","FL","33033","","0","0","0","0","0","0","0","0","0","0","0","0","-11.34","0","0","-11.34"
"Mar 30, 2025 4:41:38 AM PDT","23258467421","Order","113-8901162-8976234","OX-S8RX-8DDW","Epoxy Resin Kit 1 Gallon,Crystal Clear Casting Table Top Epoxy Resin,Bubble Free & Fast Curing Resin for Countertop, Wood,Jewelry,DIY, Tumblers,Art,Re","1","amazon.com","Amazon","ATLANTA","GA","30307","MarketplaceFacilitator","57.05","5.08","0","0","0","0","0","0","0","0","-5.08","-8.56","-9.16","0","0","39.33"
"Mar 30, 2025 7:31:31 AM PDT","23258467421","Liquidations","19170459296551","X003ST7AV3","Epoxy Resin Kit 1 Gallon,Crystal Clear Casting Table Top Epoxy Resin,Bubble Free & Fast Curing Resin for Countertop, Wood,Jewelry,DIY, Tumblers,Art,Resina Epoxica Mix Ratio 1:1","1","","","","","","","4.63","0","0","0","0","0","0","0","0","0","0","0","0","-2.69","0","1.94"
"Mar 31, 2025 4:42:48 AM PDT","23258467421","Order","S01-4800823-1471601","X8-VCXU-74WN","YOBTOP 1000g UV Resin, Upgraded UV Resin Kit with Fast Curing Crystal Clear High Gloss Odourless Low Viscosity Hard Type UV Epoxy Resin for DIY Jewelry Making Casting and Coating Craft","1","sim1.stores.amazon.com","Amazon","RENTON","WA","98058","","0","0","0","0","0","0","0","0","0","0","0","0","-11.34","0","0","-11.34"
"Mar 31, 2025 9:20:32 AM PDT","23258467421","Order","112-4558516-5234650","OX-S8RX-8DDW","Epoxy Resin Kit 1 Gallon,Crystal Clear Casting Table Top Epoxy Resin,Bubble Free & Fast Curing Resin for Countertop, Wood,Jewelry,DIY, Tumblers,Art,Re","1","amazon.com","Amazon","MIAMI","FL","33195","MarketplaceFacilitator","57.05","0","0","0","0","0","0","0","-5.71","0","0","-7.70","-9.16","0","0","34.48"
